Precinct,Candidate,Votes
001-001, Cox-Schifanelli (REP)  ,96
001-002, Cox-Schifanelli (REP)  ,84
001-003, Cox-Schifanelli (REP)  ,99
001-004, Cox-Schifanelli (REP)  ,179
001-005, Cox-Schifanelli (REP)  ,228
002-001, Cox-Schifanelli (REP)  ,39
002-002, Cox-Schifanelli (REP)  ,63
002-003, Cox-Schifanelli (REP)  ,125
003-001, Cox-Schifanelli (REP)  ,6
003-002, Cox-Schifanelli (REP)  ,7
003-003, Cox-Schifanelli (REP)  ,133
004-001, Cox-Schifanelli (REP)  ,31
004-002, Cox-Schifanelli (REP)  ,45
004-003, Cox-Schifanelli (REP)  ,3
005-001, Cox-Schifanelli (REP)  ,8
005-002, Cox-Schifanelli (REP)  ,1
006-001, Cox-Schifanelli (REP)  ,0
006-002, Cox-Schifanelli (REP)  ,28
006-003, Cox-Schifanelli (REP)  ,4
006-004, Cox-Schifanelli (REP)  ,31
006-005, Cox-Schifanelli (REP)  ,73
007-001, Cox-Schifanelli (REP)  ,7
007-002, Cox-Schifanelli (REP)  ,8
007-003, Cox-Schifanelli (REP)  ,19
007-004, Cox-Schifanelli (REP)  ,16
008-001, Cox-Schifanelli (REP)  ,2
008-002, Cox-Schifanelli (REP)  ,23
008-003, Cox-Schifanelli (REP)  ,18
008-004, Cox-Schifanelli (REP)  ,3
008-005, Cox-Schifanelli (REP)  ,11
008-006, Cox-Schifanelli (REP)  ,22
008-007, Cox-Schifanelli (REP)  ,10
008-008, Cox-Schifanelli (REP)  ,41
008-009, Cox-Schifanelli (REP)  ,0
008-010, Cox-Schifanelli (REP)  ,21
008-011, Cox-Schifanelli (REP)  ,3
009-001, Cox-Schifanelli (REP)  ,5
009-002, Cox-Schifanelli (REP)  ,17
009-003, Cox-Schifanelli (REP)  ,26
009-004, Cox-Schifanelli (REP)  ,33
009-005, Cox-Schifanelli (REP)  ,33
009-006, Cox-Schifanelli (REP)  ,39
009-007, Cox-Schifanelli (REP)  ,13
009-008, Cox-Schifanelli (REP)  ,6
009-009, Cox-Schifanelli (REP)  ,15
009-010, Cox-Schifanelli (REP)  ,15
009-011, Cox-Schifanelli (REP)  ,0
009-012, Cox-Schifanelli (REP)  ,11
009-013, Cox-Schifanelli (REP)  ,2
009-014, Cox-Schifanelli (REP)  ,9
009-015, Cox-Schifanelli (REP)  ,5
010-001, Cox-Schifanelli (REP)  ,3
010-002, Cox-Schifanelli (REP)  ,8
010-003, Cox-Schifanelli (REP)  ,5
010-004, Cox-Schifanelli (REP)  ,4
011-001, Cox-Schifanelli (REP)  ,33
011-002, Cox-Schifanelli (REP)  ,9
011-003, Cox-Schifanelli (REP)  ,24
011-004, Cox-Schifanelli (REP)  ,0
011-005, Cox-Schifanelli (REP)  ,9
011-006, Cox-Schifanelli (REP)  ,35
011-007, Cox-Schifanelli (REP)  ,29
011-008, Cox-Schifanelli (REP)  ,0
012-001, Cox-Schifanelli (REP)  ,121
012-002, Cox-Schifanelli (REP)  ,16
012-003, Cox-Schifanelli (REP)  ,23
012-004, Cox-Schifanelli (REP)  ,31
012-005, Cox-Schifanelli (REP)  ,15
012-006, Cox-Schifanelli (REP)  ,17
012-007, Cox-Schifanelli (REP)  ,12
012-008, Cox-Schifanelli (REP)  ,71
012-009, Cox-Schifanelli (REP)  ,10
012-010, Cox-Schifanelli (REP)  ,19
012-011, Cox-Schifanelli (REP)  ,7
012-012, Cox-Schifanelli (REP)  ,13
013-001, Cox-Schifanelli (REP)  ,28
013-002, Cox-Schifanelli (REP)  ,75
013-003, Cox-Schifanelli (REP)  ,35
013-004, Cox-Schifanelli (REP)  ,176
013-005, Cox-Schifanelli (REP)  ,40
013-006, Cox-Schifanelli (REP)  ,6
013-007, Cox-Schifanelli (REP)  ,9
013-008, Cox-Schifanelli (REP)  ,9
013-009, Cox-Schifanelli (REP)  ,10
013-010, Cox-Schifanelli (REP)  ,24
013-011, Cox-Schifanelli (REP)  ,108
013-012, Cox-Schifanelli (REP)  ,47
014-001, Cox-Schifanelli (REP)  ,9
014-002, Cox-Schifanelli (REP)  ,12
014-003, Cox-Schifanelli (REP)  ,5
014-004, Cox-Schifanelli (REP)  ,34
014-005, Cox-Schifanelli (REP)  ,3
015-001, Cox-Schifanelli (REP)  ,13
015-002, Cox-Schifanelli (REP)  ,12
015-003, Cox-Schifanelli (REP)  ,19
015-004, Cox-Schifanelli (REP)  ,10
015-005, Cox-Schifanelli (REP)  ,17
015-006, Cox-Schifanelli (REP)  ,12
015-007, Cox-Schifanelli (REP)  ,18
015-008, Cox-Schifanelli (REP)  ,12
015-009, Cox-Schifanelli (REP)  ,26
015-010, Cox-Schifanelli (REP)  ,19
015-011, Cox-Schifanelli (REP)  ,11
015-012, Cox-Schifanelli (REP)  ,0
015-013, Cox-Schifanelli (REP)  ,3
015-014, Cox-Schifanelli (REP)  ,8
015-015, Cox-Schifanelli (REP)  ,5
015-016, Cox-Schifanelli (REP)  ,4
015-017, Cox-Schifanelli (REP)  ,9
015-018, Cox-Schifanelli (REP)  ,11
015-019, Cox-Schifanelli (REP)  ,1
015-020, Cox-Schifanelli (REP)  ,17
015-021, Cox-Schifanelli (REP)  ,8
015-022, Cox-Schifanelli (REP)  ,9
015-023, Cox-Schifanelli (REP)  ,9
015-024, Cox-Schifanelli (REP)  ,16
015-025, Cox-Schifanelli (REP)  ,1
016-001, Cox-Schifanelli (REP)  ,4
016-002, Cox-Schifanelli (REP)  ,5
016-003, Cox-Schifanelli (REP)  ,4
016-004, Cox-Schifanelli (REP)  ,3
016-005, Cox-Schifanelli (REP)  ,8
016-006, Cox-Schifanelli (REP)  ,6
016-007, Cox-Schifanelli (REP)  ,9
016-008, Cox-Schifanelli (REP)  ,2
016-009, Cox-Schifanelli (REP)  ,9
016-010, Cox-Schifanelli (REP)  ,2
016-011, Cox-Schifanelli (REP)  ,3
016-012, Cox-Schifanelli (REP)  ,5
016-013, Cox-Schifanelli (REP)  ,6
016-014, Cox-Schifanelli (REP)  ,23
017-001, Cox-Schifanelli (REP)  ,1
017-002, Cox-Schifanelli (REP)  ,28
018-001, Cox-Schifanelli (REP)  ,8
018-002, Cox-Schifanelli (REP)  ,28
019-001, Cox-Schifanelli (REP)  ,10
019-002, Cox-Schifanelli (REP)  ,16
019-003, Cox-Schifanelli (REP)  ,1
020-001, Cox-Schifanelli (REP)  ,6
020-002, Cox-Schifanelli (REP)  ,31
020-003, Cox-Schifanelli (REP)  ,6
020-004, Cox-Schifanelli (REP)  ,3
020-005, Cox-Schifanelli (REP)  ,10
020-006, Cox-Schifanelli (REP)  ,16
020-007, Cox-Schifanelli (REP)  ,27
020-008, Cox-Schifanelli (REP)  ,8
020-009, Cox-Schifanelli (REP)  ,26
020-010, Cox-Schifanelli (REP)  ,12
020-011, Cox-Schifanelli (REP)  ,41
021-001, Cox-Schifanelli (REP)  ,20
021-002, Cox-Schifanelli (REP)  ,29
021-003, Cox-Schifanelli (REP)  ,63
021-004, Cox-Schifanelli (REP)  ,6
022-001, Cox-Schifanelli (REP)  ,86
022-002, Cox-Schifanelli (REP)  ,81
023-001, Cox-Schifanelli (REP)  ,90
023-002, Cox-Schifanelli (REP)  ,46
023-003, Cox-Schifanelli (REP)  ,139
024-001, Cox-Schifanelli (REP)  ,44
024-002, Cox-Schifanelli (REP)  ,42
024-003, Cox-Schifanelli (REP)  ,137
024-004, Cox-Schifanelli (REP)  ,187
024-005, Cox-Schifanelli (REP)  ,344
025-001, Cox-Schifanelli (REP)  ,61
025-002, Cox-Schifanelli (REP)  ,27
025-003, Cox-Schifanelli (REP)  ,130
025-004, Cox-Schifanelli (REP)  ,222
025-005, Cox-Schifanelli (REP)  ,63
025-006, Cox-Schifanelli (REP)  ,6
025-007, Cox-Schifanelli (REP)  ,5
025-008, Cox-Schifanelli (REP)  ,13
025-009, Cox-Schifanelli (REP)  ,5
025-010, Cox-Schifanelli (REP)  ,10
025-011, Cox-Schifanelli (REP)  ,49
025-012, Cox-Schifanelli (REP)  ,77
025-013, Cox-Schifanelli (REP)  ,38
025-014, Cox-Schifanelli (REP)  ,10
025-015, Cox-Schifanelli (REP)  ,31
025-016, Cox-Schifanelli (REP)  ,77
025-017, Cox-Schifanelli (REP)  ,100
026-001, Cox-Schifanelli (REP)  ,26
026-002, Cox-Schifanelli (REP)  ,63
026-003, Cox-Schifanelli (REP)  ,133
026-004, Cox-Schifanelli (REP)  ,71
026-005, Cox-Schifanelli (REP)  ,46
026-006, Cox-Schifanelli (REP)  ,84
026-007, Cox-Schifanelli (REP)  ,71
026-008, Cox-Schifanelli (REP)  ,91
026-009, Cox-Schifanelli (REP)  ,274
026-010, Cox-Schifanelli (REP)  ,113
026-011, Cox-Schifanelli (REP)  ,38
026-012, Cox-Schifanelli (REP)  ,5
026-013, Cox-Schifanelli (REP)  ,84
026-014, Cox-Schifanelli (REP)  ,64
026-015, Cox-Schifanelli (REP)  ,15
026-016, Cox-Schifanelli (REP)  ,15
026-017, Cox-Schifanelli (REP)  ,5
026-018, Cox-Schifanelli (REP)  ,25
026-019, Cox-Schifanelli (REP)  ,16
026-020, Cox-Schifanelli (REP)  ,10
026-021, Cox-Schifanelli (REP)  ,5
026-022, Cox-Schifanelli (REP)  ,13
026-023, Cox-Schifanelli (REP)  ,18
026-024, Cox-Schifanelli (REP)  ,19
026-025, Cox-Schifanelli (REP)  ,27
026-026, Cox-Schifanelli (REP)  ,68
026-027, Cox-Schifanelli (REP)  ,41
026-028, Cox-Schifanelli (REP)  ,21
026-029, Cox-Schifanelli (REP)  ,72
026-030, Cox-Schifanelli (REP)  ,39
026-031, Cox-Schifanelli (REP)  ,63
026-032, Cox-Schifanelli (REP)  ,24
026-033, Cox-Schifanelli (REP)  ,12
027-001, Cox-Schifanelli (REP)  ,86
027-002, Cox-Schifanelli (REP)  ,43
027-003, Cox-Schifanelli (REP)  ,42
027-004, Cox-Schifanelli (REP)  ,35
027-005, Cox-Schifanelli (REP)  ,98
027-006, Cox-Schifanelli (REP)  ,77
027-007, Cox-Schifanelli (REP)  ,38
027-008, Cox-Schifanelli (REP)  ,117
027-009, Cox-Schifanelli (REP)  ,101
027-010, Cox-Schifanelli (REP)  ,76
027-011, Cox-Schifanelli (REP)  ,214
027-012, Cox-Schifanelli (REP)  ,58
027-013, Cox-Schifanelli (REP)  ,99
027-014, Cox-Schifanelli (REP)  ,140
027-015, Cox-Schifanelli (REP)  ,60
027-016, Cox-Schifanelli (REP)  ,34
027-017, Cox-Schifanelli (REP)  ,34
027-018, Cox-Schifanelli (REP)  ,41
027-019, Cox-Schifanelli (REP)  ,16
027-020, Cox-Schifanelli (REP)  ,38
027-021, Cox-Schifanelli (REP)  ,19
027-022, Cox-Schifanelli (REP)  ,32
027-023, Cox-Schifanelli (REP)  ,11
027-024, Cox-Schifanelli (REP)  ,3
027-025, Cox-Schifanelli (REP)  ,18
027-026, Cox-Schifanelli (REP)  ,17
027-027, Cox-Schifanelli (REP)  ,19
027-028, Cox-Schifanelli (REP)  ,8
027-029, Cox-Schifanelli (REP)  ,5
027-030, Cox-Schifanelli (REP)  ,13
027-031, Cox-Schifanelli (REP)  ,32
027-032, Cox-Schifanelli (REP)  ,65
027-033, Cox-Schifanelli (REP)  ,45
027-034, Cox-Schifanelli (REP)  ,37
027-035, Cox-Schifanelli (REP)  ,33
027-036, Cox-Schifanelli (REP)  ,8
027-037, Cox-Schifanelli (REP)  ,77
027-038, Cox-Schifanelli (REP)  ,6
027-039, Cox-Schifanelli (REP)  ,35
027-040, Cox-Schifanelli (REP)  ,194
027-041, Cox-Schifanelli (REP)  ,52
027-042, Cox-Schifanelli (REP)  ,101
027-043, Cox-Schifanelli (REP)  ,56
027-044, Cox-Schifanelli (REP)  ,71
027-045, Cox-Schifanelli (REP)  ,75
027-046, Cox-Schifanelli (REP)  ,30
027-047, Cox-Schifanelli (REP)  ,60
027-048, Cox-Schifanelli (REP)  ,30
027-049, Cox-Schifanelli (REP)  ,187
027-050, Cox-Schifanelli (REP)  ,29
027-051, Cox-Schifanelli (REP)  ,4
027-052, Cox-Schifanelli (REP)  ,16
027-053, Cox-Schifanelli (REP)  ,6
027-054, Cox-Schifanelli (REP)  ,1
027-055, Cox-Schifanelli (REP)  ,3
027-056, Cox-Schifanelli (REP)  ,3
027-057, Cox-Schifanelli (REP)  ,12
027-058, Cox-Schifanelli (REP)  ,7
027-059, Cox-Schifanelli (REP)  ,20
027-060, Cox-Schifanelli (REP)  ,66
027-061, Cox-Schifanelli (REP)  ,50
027-062, Cox-Schifanelli (REP)  ,200
027-063, Cox-Schifanelli (REP)  ,161
027-064, Cox-Schifanelli (REP)  ,270
027-065, Cox-Schifanelli (REP)  ,352
027-066, Cox-Schifanelli (REP)  ,359
027-067, Cox-Schifanelli (REP)  ,154
027-069, Cox-Schifanelli (REP)  ,10
028-001, Cox-Schifanelli (REP)  ,23
028-002, Cox-Schifanelli (REP)  ,22
028-003, Cox-Schifanelli (REP)  ,3
028-004, Cox-Schifanelli (REP)  ,10
028-005, Cox-Schifanelli (REP)  ,21
028-006, Cox-Schifanelli (REP)  ,19
028-007, Cox-Schifanelli (REP)  ,17
028-008, Cox-Schifanelli (REP)  ,12
028-009, Cox-Schifanelli (REP)  ,25
028-010, Cox-Schifanelli (REP)  ,47
028-011, Cox-Schifanelli (REP)  ,34
028-012, Cox-Schifanelli (REP)  ,53
028-013, Cox-Schifanelli (REP)  ,23
028-014, Cox-Schifanelli (REP)  ,6
028-015, Cox-Schifanelli (REP)  ,80
001-001, Moore-Miller (DEM)  ,882
001-002, Moore-Miller (DEM)  ,841
001-003, Moore-Miller (DEM)  ,726
001-004, Moore-Miller (DEM)  ,908
001-005, Moore-Miller (DEM)  ,1248
002-001, Moore-Miller (DEM)  ,469
002-002, Moore-Miller (DEM)  ,701
002-003, Moore-Miller (DEM)  ,955
003-001, Moore-Miller (DEM)  ,177
003-002, Moore-Miller (DEM)  ,118
003-003, Moore-Miller (DEM)  ,818
004-001, Moore-Miller (DEM)  ,542
004-002, Moore-Miller (DEM)  ,619
004-003, Moore-Miller (DEM)  ,126
005-001, Moore-Miller (DEM)  ,184
005-002, Moore-Miller (DEM)  ,42
006-001, Moore-Miller (DEM)  ,22
006-002, Moore-Miller (DEM)  ,382
006-003, Moore-Miller (DEM)  ,129
006-004, Moore-Miller (DEM)  ,470
006-005, Moore-Miller (DEM)  ,1086
007-001, Moore-Miller (DEM)  ,206
007-002, Moore-Miller (DEM)  ,92
007-003, Moore-Miller (DEM)  ,405
007-004, Moore-Miller (DEM)  ,361
008-001, Moore-Miller (DEM)  ,50
008-002, Moore-Miller (DEM)  ,298
008-003, Moore-Miller (DEM)  ,280
008-004, Moore-Miller (DEM)  ,63
008-005, Moore-Miller (DEM)  ,289
008-006, Moore-Miller (DEM)  ,541
008-007, Moore-Miller (DEM)  ,213
008-008, Moore-Miller (DEM)  ,455
008-009, Moore-Miller (DEM)  ,10
008-010, Moore-Miller (DEM)  ,678
008-011, Moore-Miller (DEM)  ,93
009-001, Moore-Miller (DEM)  ,181
009-002, Moore-Miller (DEM)  ,290
009-003, Moore-Miller (DEM)  ,507
009-004, Moore-Miller (DEM)  ,1043
009-005, Moore-Miller (DEM)  ,729
009-006, Moore-Miller (DEM)  ,985
009-007, Moore-Miller (DEM)  ,313
009-008, Moore-Miller (DEM)  ,315
009-009, Moore-Miller (DEM)  ,243
009-010, Moore-Miller (DEM)  ,355
009-011, Moore-Miller (DEM)  ,46
009-012, Moore-Miller (DEM)  ,197
009-013, Moore-Miller (DEM)  ,164
009-014, Moore-Miller (DEM)  ,194
009-015, Moore-Miller (DEM)  ,327
010-001, Moore-Miller (DEM)  ,259
010-002, Moore-Miller (DEM)  ,254
010-003, Moore-Miller (DEM)  ,45
010-004, Moore-Miller (DEM)  ,121
011-001, Moore-Miller (DEM)  ,682
011-002, Moore-Miller (DEM)  ,178
011-003, Moore-Miller (DEM)  ,646
011-004, Moore-Miller (DEM)  ,38
011-005, Moore-Miller (DEM)  ,661
011-006, Moore-Miller (DEM)  ,660
011-007, Moore-Miller (DEM)  ,594
011-008, Moore-Miller (DEM)  ,0
012-001, Moore-Miller (DEM)  ,1412
012-002, Moore-Miller (DEM)  ,131
012-003, Moore-Miller (DEM)  ,325
012-004, Moore-Miller (DEM)  ,489
012-005, Moore-Miller (DEM)  ,520
012-006, Moore-Miller (DEM)  ,418
012-007, Moore-Miller (DEM)  ,525
012-008, Moore-Miller (DEM)  ,1247
012-009, Moore-Miller (DEM)  ,82
012-010, Moore-Miller (DEM)  ,459
012-011, Moore-Miller (DEM)  ,185
012-012, Moore-Miller (DEM)  ,610
013-001, Moore-Miller (DEM)  ,515
013-002, Moore-Miller (DEM)  ,868
013-003, Moore-Miller (DEM)  ,325
013-004, Moore-Miller (DEM)  ,1241
013-005, Moore-Miller (DEM)  ,471
013-006, Moore-Miller (DEM)  ,152
013-007, Moore-Miller (DEM)  ,246
013-008, Moore-Miller (DEM)  ,559
013-009, Moore-Miller (DEM)  ,377
013-010, Moore-Miller (DEM)  ,558
013-011, Moore-Miller (DEM)  ,1352
013-012, Moore-Miller (DEM)  ,735
014-001, Moore-Miller (DEM)  ,418
014-002, Moore-Miller (DEM)  ,362
014-003, Moore-Miller (DEM)  ,143
014-004, Moore-Miller (DEM)  ,625
014-005, Moore-Miller (DEM)  ,110
015-001, Moore-Miller (DEM)  ,427
015-002, Moore-Miller (DEM)  ,292
015-003, Moore-Miller (DEM)  ,611
015-004, Moore-Miller (DEM)  ,335
015-005, Moore-Miller (DEM)  ,503
015-006, Moore-Miller (DEM)  ,541
015-007, Moore-Miller (DEM)  ,389
015-008, Moore-Miller (DEM)  ,305
015-009, Moore-Miller (DEM)  ,723
015-010, Moore-Miller (DEM)  ,474
015-011, Moore-Miller (DEM)  ,320
015-012, Moore-Miller (DEM)  ,44
015-013, Moore-Miller (DEM)  ,145
015-014, Moore-Miller (DEM)  ,373
015-015, Moore-Miller (DEM)  ,178
015-016, Moore-Miller (DEM)  ,153
015-017, Moore-Miller (DEM)  ,282
015-018, Moore-Miller (DEM)  ,417
015-019, Moore-Miller (DEM)  ,31
015-020, Moore-Miller (DEM)  ,440
015-021, Moore-Miller (DEM)  ,300
015-022, Moore-Miller (DEM)  ,271
015-023, Moore-Miller (DEM)  ,332
015-024, Moore-Miller (DEM)  ,403
015-025, Moore-Miller (DEM)  ,128
016-001, Moore-Miller (DEM)  ,129
016-002, Moore-Miller (DEM)  ,229
016-003, Moore-Miller (DEM)  ,121
016-004, Moore-Miller (DEM)  ,73
016-005, Moore-Miller (DEM)  ,373
016-006, Moore-Miller (DEM)  ,378
016-007, Moore-Miller (DEM)  ,336
016-008, Moore-Miller (DEM)  ,206
016-009, Moore-Miller (DEM)  ,259
016-010, Moore-Miller (DEM)  ,178
016-011, Moore-Miller (DEM)  ,138
016-012, Moore-Miller (DEM)  ,327
016-013, Moore-Miller (DEM)  ,347
016-014, Moore-Miller (DEM)  ,762
017-001, Moore-Miller (DEM)  ,33
017-002, Moore-Miller (DEM)  ,608
018-001, Moore-Miller (DEM)  ,184
018-002, Moore-Miller (DEM)  ,391
019-001, Moore-Miller (DEM)  ,212
019-002, Moore-Miller (DEM)  ,205
019-003, Moore-Miller (DEM)  ,25
020-001, Moore-Miller (DEM)  ,305
020-002, Moore-Miller (DEM)  ,273
020-003, Moore-Miller (DEM)  ,297
020-004, Moore-Miller (DEM)  ,47
020-005, Moore-Miller (DEM)  ,224
020-006, Moore-Miller (DEM)  ,749
020-007, Moore-Miller (DEM)  ,459
020-008, Moore-Miller (DEM)  ,142
020-009, Moore-Miller (DEM)  ,104
020-010, Moore-Miller (DEM)  ,57
020-011, Moore-Miller (DEM)  ,128
021-001, Moore-Miller (DEM)  ,310
021-002, Moore-Miller (DEM)  ,525
021-003, Moore-Miller (DEM)  ,471
021-004, Moore-Miller (DEM)  ,134
022-001, Moore-Miller (DEM)  ,536
022-002, Moore-Miller (DEM)  ,798
023-001, Moore-Miller (DEM)  ,528
023-002, Moore-Miller (DEM)  ,392
023-003, Moore-Miller (DEM)  ,768
024-001, Moore-Miller (DEM)  ,318
024-002, Moore-Miller (DEM)  ,397
024-003, Moore-Miller (DEM)  ,804
024-004, Moore-Miller (DEM)  ,1032
024-005, Moore-Miller (DEM)  ,1730
025-001, Moore-Miller (DEM)  ,948
025-002, Moore-Miller (DEM)  ,488
025-003, Moore-Miller (DEM)  ,211
025-004, Moore-Miller (DEM)  ,306
025-005, Moore-Miller (DEM)  ,359
025-006, Moore-Miller (DEM)  ,208
025-007, Moore-Miller (DEM)  ,80
025-008, Moore-Miller (DEM)  ,341
025-009, Moore-Miller (DEM)  ,221
025-010, Moore-Miller (DEM)  ,268
025-011, Moore-Miller (DEM)  ,93
025-012, Moore-Miller (DEM)  ,133
025-013, Moore-Miller (DEM)  ,80
025-014, Moore-Miller (DEM)  ,115
025-015, Moore-Miller (DEM)  ,157
025-016, Moore-Miller (DEM)  ,189
025-017, Moore-Miller (DEM)  ,261
026-001, Moore-Miller (DEM)  ,35
026-002, Moore-Miller (DEM)  ,221
026-003, Moore-Miller (DEM)  ,180
026-004, Moore-Miller (DEM)  ,136
026-005, Moore-Miller (DEM)  ,99
026-006, Moore-Miller (DEM)  ,148
026-007, Moore-Miller (DEM)  ,393
026-008, Moore-Miller (DEM)  ,592
026-009, Moore-Miller (DEM)  ,1205
026-010, Moore-Miller (DEM)  ,671
026-011, Moore-Miller (DEM)  ,166
026-012, Moore-Miller (DEM)  ,58
026-013, Moore-Miller (DEM)  ,68
026-014, Moore-Miller (DEM)  ,73
026-015, Moore-Miller (DEM)  ,416
026-016, Moore-Miller (DEM)  ,361
026-017, Moore-Miller (DEM)  ,112
026-018, Moore-Miller (DEM)  ,522
026-019, Moore-Miller (DEM)  ,369
026-020, Moore-Miller (DEM)  ,222
026-021, Moore-Miller (DEM)  ,217
026-022, Moore-Miller (DEM)  ,236
026-023, Moore-Miller (DEM)  ,264
026-024, Moore-Miller (DEM)  ,557
026-025, Moore-Miller (DEM)  ,312
026-026, Moore-Miller (DEM)  ,496
026-027, Moore-Miller (DEM)  ,490
026-028, Moore-Miller (DEM)  ,383
026-029, Moore-Miller (DEM)  ,1143
026-030, Moore-Miller (DEM)  ,316
026-031, Moore-Miller (DEM)  ,242
026-032, Moore-Miller (DEM)  ,465
026-033, Moore-Miller (DEM)  ,276
027-001, Moore-Miller (DEM)  ,745
027-002, Moore-Miller (DEM)  ,367
027-003, Moore-Miller (DEM)  ,418
027-004, Moore-Miller (DEM)  ,226
027-005, Moore-Miller (DEM)  ,887
027-006, Moore-Miller (DEM)  ,959
027-007, Moore-Miller (DEM)  ,308
027-008, Moore-Miller (DEM)  ,756
027-009, Moore-Miller (DEM)  ,525
027-010, Moore-Miller (DEM)  ,222
027-011, Moore-Miller (DEM)  ,755
027-012, Moore-Miller (DEM)  ,187
027-013, Moore-Miller (DEM)  ,697
027-014, Moore-Miller (DEM)  ,936
027-015, Moore-Miller (DEM)  ,691
027-016, Moore-Miller (DEM)  ,351
027-017, Moore-Miller (DEM)  ,490
027-018, Moore-Miller (DEM)  ,550
027-019, Moore-Miller (DEM)  ,354
027-020, Moore-Miller (DEM)  ,894
027-021, Moore-Miller (DEM)  ,723
027-022, Moore-Miller (DEM)  ,1000
027-023, Moore-Miller (DEM)  ,228
027-024, Moore-Miller (DEM)  ,157
027-025, Moore-Miller (DEM)  ,412
027-026, Moore-Miller (DEM)  ,463
027-027, Moore-Miller (DEM)  ,606
027-028, Moore-Miller (DEM)  ,435
027-029, Moore-Miller (DEM)  ,244
027-030, Moore-Miller (DEM)  ,452
027-031, Moore-Miller (DEM)  ,756
027-032, Moore-Miller (DEM)  ,986
027-033, Moore-Miller (DEM)  ,850
027-034, Moore-Miller (DEM)  ,601
027-035, Moore-Miller (DEM)  ,744
027-036, Moore-Miller (DEM)  ,206
027-037, Moore-Miller (DEM)  ,826
027-038, Moore-Miller (DEM)  ,43
027-039, Moore-Miller (DEM)  ,238
027-040, Moore-Miller (DEM)  ,1178
027-041, Moore-Miller (DEM)  ,671
027-042, Moore-Miller (DEM)  ,902
027-043, Moore-Miller (DEM)  ,471
027-044, Moore-Miller (DEM)  ,700
027-045, Moore-Miller (DEM)  ,1037
027-046, Moore-Miller (DEM)  ,459
027-047, Moore-Miller (DEM)  ,543
027-048, Moore-Miller (DEM)  ,486
027-049, Moore-Miller (DEM)  ,1601
027-050, Moore-Miller (DEM)  ,693
027-051, Moore-Miller (DEM)  ,65
027-052, Moore-Miller (DEM)  ,631
027-053, Moore-Miller (DEM)  ,347
027-054, Moore-Miller (DEM)  ,153
027-055, Moore-Miller (DEM)  ,119
027-056, Moore-Miller (DEM)  ,200
027-057, Moore-Miller (DEM)  ,459
027-058, Moore-Miller (DEM)  ,180
027-059, Moore-Miller (DEM)  ,358
027-060, Moore-Miller (DEM)  ,472
027-061, Moore-Miller (DEM)  ,238
027-062, Moore-Miller (DEM)  ,533
027-063, Moore-Miller (DEM)  ,521
027-064, Moore-Miller (DEM)  ,508
027-065, Moore-Miller (DEM)  ,822
027-066, Moore-Miller (DEM)  ,598
027-067, Moore-Miller (DEM)  ,582
027-069, Moore-Miller (DEM)  ,65
028-001, Moore-Miller (DEM)  ,408
028-002, Moore-Miller (DEM)  ,683
028-003, Moore-Miller (DEM)  ,153
028-004, Moore-Miller (DEM)  ,223
028-005, Moore-Miller (DEM)  ,515
028-006, Moore-Miller (DEM)  ,779
028-007, Moore-Miller (DEM)  ,397
028-008, Moore-Miller (DEM)  ,466
028-009, Moore-Miller (DEM)  ,585
028-010, Moore-Miller (DEM)  ,741
028-011, Moore-Miller (DEM)  ,740
028-012, Moore-Miller (DEM)  ,565
028-013, Moore-Miller (DEM)  ,536
028-014, Moore-Miller (DEM)  ,160
028-015, Moore-Miller (DEM)  ,610
001-001, Lashar-Logansmith (LIB),15
001-002, Lashar-Logansmith (LIB),17
001-003, Lashar-Logansmith (LIB),16
001-004, Lashar-Logansmith (LIB),21
001-005, Lashar-Logansmith (LIB),40
002-001, Lashar-Logansmith (LIB),5
002-002, Lashar-Logansmith (LIB),10
002-003, Lashar-Logansmith (LIB),12
003-001, Lashar-Logansmith (LIB),0
003-002, Lashar-Logansmith (LIB),2
003-003, Lashar-Logansmith (LIB),35
004-001, Lashar-Logansmith (LIB),9
004-002, Lashar-Logansmith (LIB),6
004-003, Lashar-Logansmith (LIB),0
005-001, Lashar-Logansmith (LIB),0
005-002, Lashar-Logansmith (LIB),0
006-001, Lashar-Logansmith (LIB),2
006-002, Lashar-Logansmith (LIB),4
006-003, Lashar-Logansmith (LIB),2
006-004, Lashar-Logansmith (LIB),9
006-005, Lashar-Logansmith (LIB),9
007-001, Lashar-Logansmith (LIB),0
007-002, Lashar-Logansmith (LIB),0
007-003, Lashar-Logansmith (LIB),5
007-004, Lashar-Logansmith (LIB),3
008-001, Lashar-Logansmith (LIB),2
008-002, Lashar-Logansmith (LIB),0
008-003, Lashar-Logansmith (LIB),1
008-004, Lashar-Logansmith (LIB),0
008-005, Lashar-Logansmith (LIB),2
008-006, Lashar-Logansmith (LIB),3
008-007, Lashar-Logansmith (LIB),3
008-008, Lashar-Logansmith (LIB),7
008-009, Lashar-Logansmith (LIB),0
008-010, Lashar-Logansmith (LIB),2
008-011, Lashar-Logansmith (LIB),0
009-001, Lashar-Logansmith (LIB),2
009-002, Lashar-Logansmith (LIB),2
009-003, Lashar-Logansmith (LIB),8
009-004, Lashar-Logansmith (LIB),7
009-005, Lashar-Logansmith (LIB),3
009-006, Lashar-Logansmith (LIB),5
009-007, Lashar-Logansmith (LIB),2
009-008, Lashar-Logansmith (LIB),1
009-009, Lashar-Logansmith (LIB),3
009-010, Lashar-Logansmith (LIB),4
009-011, Lashar-Logansmith (LIB),1
009-012, Lashar-Logansmith (LIB),0
009-013, Lashar-Logansmith (LIB),0
009-014, Lashar-Logansmith (LIB),4
009-015, Lashar-Logansmith (LIB),0
010-001, Lashar-Logansmith (LIB),0
010-002, Lashar-Logansmith (LIB),4
010-003, Lashar-Logansmith (LIB),1
010-004, Lashar-Logansmith (LIB),0
011-001, Lashar-Logansmith (LIB),18
011-002, Lashar-Logansmith (LIB),5
011-003, Lashar-Logansmith (LIB),6
011-004, Lashar-Logansmith (LIB),0
011-005, Lashar-Logansmith (LIB),6
011-006, Lashar-Logansmith (LIB),7
011-007, Lashar-Logansmith (LIB),4
011-008, Lashar-Logansmith (LIB),0
012-001, Lashar-Logansmith (LIB),16
012-002, Lashar-Logansmith (LIB),2
012-003, Lashar-Logansmith (LIB),5
012-004, Lashar-Logansmith (LIB),4
012-005, Lashar-Logansmith (LIB),2
012-006, Lashar-Logansmith (LIB),8
012-007, Lashar-Logansmith (LIB),5
012-008, Lashar-Logansmith (LIB),12
012-009, Lashar-Logansmith (LIB),3
012-010, Lashar-Logansmith (LIB),5
012-011, Lashar-Logansmith (LIB),0
012-012, Lashar-Logansmith (LIB),6
013-001, Lashar-Logansmith (LIB),10
013-002, Lashar-Logansmith (LIB),7
013-003, Lashar-Logansmith (LIB),5
013-004, Lashar-Logansmith (LIB),28
013-005, Lashar-Logansmith (LIB),6
013-006, Lashar-Logansmith (LIB),2
013-007, Lashar-Logansmith (LIB),1
013-008, Lashar-Logansmith (LIB),1
013-009, Lashar-Logansmith (LIB),4
013-010, Lashar-Logansmith (LIB),2
013-011, Lashar-Logansmith (LIB),20
013-012, Lashar-Logansmith (LIB),8
014-001, Lashar-Logansmith (LIB),2
014-002, Lashar-Logansmith (LIB),2
014-003, Lashar-Logansmith (LIB),2
014-004, Lashar-Logansmith (LIB),6
014-005, Lashar-Logansmith (LIB),0
015-001, Lashar-Logansmith (LIB),0
015-002, Lashar-Logansmith (LIB),2
015-003, Lashar-Logansmith (LIB),3
015-004, Lashar-Logansmith (LIB),0
015-005, Lashar-Logansmith (LIB),4
015-006, Lashar-Logansmith (LIB),3
015-007, Lashar-Logansmith (LIB),1
015-008, Lashar-Logansmith (LIB),1
015-009, Lashar-Logansmith (LIB),2
015-010, Lashar-Logansmith (LIB),3
015-011, Lashar-Logansmith (LIB),2
015-012, Lashar-Logansmith (LIB),0
015-013, Lashar-Logansmith (LIB),0
015-014, Lashar-Logansmith (LIB),3
015-015, Lashar-Logansmith (LIB),1
015-016, Lashar-Logansmith (LIB),2
015-017, Lashar-Logansmith (LIB),1
015-018, Lashar-Logansmith (LIB),0
015-019, Lashar-Logansmith (LIB),0
015-020, Lashar-Logansmith (LIB),3
015-021, Lashar-Logansmith (LIB),0
015-022, Lashar-Logansmith (LIB),1
015-023, Lashar-Logansmith (LIB),1
015-024, Lashar-Logansmith (LIB),2
015-025, Lashar-Logansmith (LIB),3
016-001, Lashar-Logansmith (LIB),0
016-002, Lashar-Logansmith (LIB),2
016-003, Lashar-Logansmith (LIB),1
016-004, Lashar-Logansmith (LIB),0
016-005, Lashar-Logansmith (LIB),2
016-006, Lashar-Logansmith (LIB),1
016-007, Lashar-Logansmith (LIB),2
016-008, Lashar-Logansmith (LIB),1
016-009, Lashar-Logansmith (LIB),1
016-010, Lashar-Logansmith (LIB),0
016-011, Lashar-Logansmith (LIB),0
016-012, Lashar-Logansmith (LIB),1
016-013, Lashar-Logansmith (LIB),1
016-014, Lashar-Logansmith (LIB),5
017-001, Lashar-Logansmith (LIB),0
017-002, Lashar-Logansmith (LIB),5
018-001, Lashar-Logansmith (LIB),0
018-002, Lashar-Logansmith (LIB),10
019-001, Lashar-Logansmith (LIB),1
019-002, Lashar-Logansmith (LIB),5
019-003, Lashar-Logansmith (LIB),0
020-001, Lashar-Logansmith (LIB),1
020-002, Lashar-Logansmith (LIB),3
020-003, Lashar-Logansmith (LIB),2
020-004, Lashar-Logansmith (LIB),0
020-005, Lashar-Logansmith (LIB),1
020-006, Lashar-Logansmith (LIB),2
020-007, Lashar-Logansmith (LIB),2
020-008, Lashar-Logansmith (LIB),0
020-009, Lashar-Logansmith (LIB),0
020-010, Lashar-Logansmith (LIB),1
020-011, Lashar-Logansmith (LIB),2
021-001, Lashar-Logansmith (LIB),4
021-002, Lashar-Logansmith (LIB),10
021-003, Lashar-Logansmith (LIB),7
021-004, Lashar-Logansmith (LIB),2
022-001, Lashar-Logansmith (LIB),7
022-002, Lashar-Logansmith (LIB),12
023-001, Lashar-Logansmith (LIB),8
023-002, Lashar-Logansmith (LIB),9
023-003, Lashar-Logansmith (LIB),23
024-001, Lashar-Logansmith (LIB),14
024-002, Lashar-Logansmith (LIB),8
024-003, Lashar-Logansmith (LIB),16
024-004, Lashar-Logansmith (LIB),28
024-005, Lashar-Logansmith (LIB),51
025-001, Lashar-Logansmith (LIB),7
025-002, Lashar-Logansmith (LIB),2
025-003, Lashar-Logansmith (LIB),6
025-004, Lashar-Logansmith (LIB),3
025-005, Lashar-Logansmith (LIB),6
025-006, Lashar-Logansmith (LIB),1
025-007, Lashar-Logansmith (LIB),1
025-008, Lashar-Logansmith (LIB),1
025-009, Lashar-Logansmith (LIB),6
025-010, Lashar-Logansmith (LIB),2
025-011, Lashar-Logansmith (LIB),3
025-012, Lashar-Logansmith (LIB),3
025-013, Lashar-Logansmith (LIB),2
025-014, Lashar-Logansmith (LIB),2
025-015, Lashar-Logansmith (LIB),4
025-016, Lashar-Logansmith (LIB),3
025-017, Lashar-Logansmith (LIB),8
026-001, Lashar-Logansmith (LIB),2
026-002, Lashar-Logansmith (LIB),1
026-003, Lashar-Logansmith (LIB),4
026-004, Lashar-Logansmith (LIB),4
026-005, Lashar-Logansmith (LIB),5
026-006, Lashar-Logansmith (LIB),6
026-007, Lashar-Logansmith (LIB),9
026-008, Lashar-Logansmith (LIB),14
026-009, Lashar-Logansmith (LIB),43
026-010, Lashar-Logansmith (LIB),15
026-011, Lashar-Logansmith (LIB),3
026-012, Lashar-Logansmith (LIB),0
026-013, Lashar-Logansmith (LIB),5
026-014, Lashar-Logansmith (LIB),3
026-015, Lashar-Logansmith (LIB),3
026-016, Lashar-Logansmith (LIB),0
026-017, Lashar-Logansmith (LIB),0
026-018, Lashar-Logansmith (LIB),3
026-019, Lashar-Logansmith (LIB),0
026-020, Lashar-Logansmith (LIB),1
026-021, Lashar-Logansmith (LIB),1
026-022, Lashar-Logansmith (LIB),0
026-023, Lashar-Logansmith (LIB),1
026-024, Lashar-Logansmith (LIB),2
026-025, Lashar-Logansmith (LIB),3
026-026, Lashar-Logansmith (LIB),3
026-027, Lashar-Logansmith (LIB),2
026-028, Lashar-Logansmith (LIB),2
026-029, Lashar-Logansmith (LIB),5
026-030, Lashar-Logansmith (LIB),3
026-031, Lashar-Logansmith (LIB),4
026-032, Lashar-Logansmith (LIB),3
026-033, Lashar-Logansmith (LIB),1
027-001, Lashar-Logansmith (LIB),1
027-002, Lashar-Logansmith (LIB),6
027-003, Lashar-Logansmith (LIB),4
027-004, Lashar-Logansmith (LIB),2
027-005, Lashar-Logansmith (LIB),15
027-006, Lashar-Logansmith (LIB),10
027-007, Lashar-Logansmith (LIB),3
027-008, Lashar-Logansmith (LIB),13
027-009, Lashar-Logansmith (LIB),12
027-010, Lashar-Logansmith (LIB),7
027-011, Lashar-Logansmith (LIB),16
027-012, Lashar-Logansmith (LIB),1
027-013, Lashar-Logansmith (LIB),11
027-014, Lashar-Logansmith (LIB),16
027-015, Lashar-Logansmith (LIB),5
027-016, Lashar-Logansmith (LIB),4
027-017, Lashar-Logansmith (LIB),5
027-018, Lashar-Logansmith (LIB),5
027-019, Lashar-Logansmith (LIB),1
027-020, Lashar-Logansmith (LIB),8
027-021, Lashar-Logansmith (LIB),2
027-022, Lashar-Logansmith (LIB),4
027-023, Lashar-Logansmith (LIB),0
027-024, Lashar-Logansmith (LIB),0
027-025, Lashar-Logansmith (LIB),0
027-026, Lashar-Logansmith (LIB),3
027-027, Lashar-Logansmith (LIB),2
027-028, Lashar-Logansmith (LIB),1
027-029, Lashar-Logansmith (LIB),0
027-030, Lashar-Logansmith (LIB),0
027-031, Lashar-Logansmith (LIB),2
027-032, Lashar-Logansmith (LIB),12
027-033, Lashar-Logansmith (LIB),7
027-034, Lashar-Logansmith (LIB),3
027-035, Lashar-Logansmith (LIB),6
027-036, Lashar-Logansmith (LIB),1
027-037, Lashar-Logansmith (LIB),6
027-038, Lashar-Logansmith (LIB),1
027-039, Lashar-Logansmith (LIB),1
027-040, Lashar-Logansmith (LIB),16
027-041, Lashar-Logansmith (LIB),8
027-042, Lashar-Logansmith (LIB),22
027-043, Lashar-Logansmith (LIB),5
027-044, Lashar-Logansmith (LIB),13
027-045, Lashar-Logansmith (LIB),17
027-046, Lashar-Logansmith (LIB),5
027-047, Lashar-Logansmith (LIB),7
027-048, Lashar-Logansmith (LIB),7
027-049, Lashar-Logansmith (LIB),20
027-050, Lashar-Logansmith (LIB),8
027-051, Lashar-Logansmith (LIB),1
027-052, Lashar-Logansmith (LIB),1
027-053, Lashar-Logansmith (LIB),2
027-054, Lashar-Logansmith (LIB),0
027-055, Lashar-Logansmith (LIB),2
027-056, Lashar-Logansmith (LIB),1
027-057, Lashar-Logansmith (LIB),1
027-058, Lashar-Logansmith (LIB),3
027-059, Lashar-Logansmith (LIB),1
027-060, Lashar-Logansmith (LIB),3
027-061, Lashar-Logansmith (LIB),4
027-062, Lashar-Logansmith (LIB),5
027-063, Lashar-Logansmith (LIB),12
027-064, Lashar-Logansmith (LIB),12
027-065, Lashar-Logansmith (LIB),11
027-066, Lashar-Logansmith (LIB),12
027-067, Lashar-Logansmith (LIB),1
027-069, Lashar-Logansmith (LIB),1
028-001, Lashar-Logansmith (LIB),4
028-002, Lashar-Logansmith (LIB),4
028-003, Lashar-Logansmith (LIB),0
028-004, Lashar-Logansmith (LIB),1
028-005, Lashar-Logansmith (LIB),3
028-006, Lashar-Logansmith (LIB),1
028-007, Lashar-Logansmith (LIB),4
028-008, Lashar-Logansmith (LIB),1
028-009, Lashar-Logansmith (LIB),6
028-010, Lashar-Logansmith (LIB),2
028-011, Lashar-Logansmith (LIB),4
028-012, Lashar-Logansmith (LIB),4
028-013, Lashar-Logansmith (LIB),2
028-014, Lashar-Logansmith (LIB),1
028-015, Lashar-Logansmith (LIB),9
001-001, Wallace-Elder (GRN) ,10
001-002, Wallace-Elder (GRN) ,4
001-003, Wallace-Elder (GRN) ,6
001-004, Wallace-Elder (GRN) ,10
001-005, Wallace-Elder (GRN) ,7
002-001, Wallace-Elder (GRN) ,5
002-002, Wallace-Elder (GRN) ,7
002-003, Wallace-Elder (GRN) ,14
003-001, Wallace-Elder (GRN) ,4
003-002, Wallace-Elder (GRN) ,3
003-003, Wallace-Elder (GRN) ,6
004-001, Wallace-Elder (GRN) ,11
004-002, Wallace-Elder (GRN) ,10
004-003, Wallace-Elder (GRN) ,1
005-001, Wallace-Elder (GRN) ,2
005-002, Wallace-Elder (GRN) ,0
006-001, Wallace-Elder (GRN) ,0
006-002, Wallace-Elder (GRN) ,8
006-003, Wallace-Elder (GRN) ,2
006-004, Wallace-Elder (GRN) ,9
006-005, Wallace-Elder (GRN) ,6
007-001, Wallace-Elder (GRN) ,2
007-002, Wallace-Elder (GRN) ,2
007-003, Wallace-Elder (GRN) ,7
007-004, Wallace-Elder (GRN) ,5
008-001, Wallace-Elder (GRN) ,0
008-002, Wallace-Elder (GRN) ,7
008-003, Wallace-Elder (GRN) ,8
008-004, Wallace-Elder (GRN) ,3
008-005, Wallace-Elder (GRN) ,2
008-006, Wallace-Elder (GRN) ,4
008-007, Wallace-Elder (GRN) ,2
008-008, Wallace-Elder (GRN) ,8
008-009, Wallace-Elder (GRN) ,1
008-010, Wallace-Elder (GRN) ,2
008-011, Wallace-Elder (GRN) ,0
009-001, Wallace-Elder (GRN) ,2
009-002, Wallace-Elder (GRN) ,8
009-003, Wallace-Elder (GRN) ,5
009-004, Wallace-Elder (GRN) ,7
009-005, Wallace-Elder (GRN) ,6
009-006, Wallace-Elder (GRN) ,10
009-007, Wallace-Elder (GRN) ,1
009-008, Wallace-Elder (GRN) ,3
009-009, Wallace-Elder (GRN) ,4
009-010, Wallace-Elder (GRN) ,10
009-011, Wallace-Elder (GRN) ,2
009-012, Wallace-Elder (GRN) ,0
009-013, Wallace-Elder (GRN) ,4
009-014, Wallace-Elder (GRN) ,4
009-015, Wallace-Elder (GRN) ,3
010-001, Wallace-Elder (GRN) ,1
010-002, Wallace-Elder (GRN) ,6
010-003, Wallace-Elder (GRN) ,3
010-004, Wallace-Elder (GRN) ,1
011-001, Wallace-Elder (GRN) ,18
011-002, Wallace-Elder (GRN) ,2
011-003, Wallace-Elder (GRN) ,5
011-004, Wallace-Elder (GRN) ,0
011-005, Wallace-Elder (GRN) ,13
011-006, Wallace-Elder (GRN) ,5
011-007, Wallace-Elder (GRN) ,14
011-008, Wallace-Elder (GRN) ,0
012-001, Wallace-Elder (GRN) ,13
012-002, Wallace-Elder (GRN) ,1
012-003, Wallace-Elder (GRN) ,12
012-004, Wallace-Elder (GRN) ,6
012-005, Wallace-Elder (GRN) ,9
012-006, Wallace-Elder (GRN) ,12
012-007, Wallace-Elder (GRN) ,14
012-008, Wallace-Elder (GRN) ,26
012-009, Wallace-Elder (GRN) ,2
012-010, Wallace-Elder (GRN) ,7
012-011, Wallace-Elder (GRN) ,2
012-012, Wallace-Elder (GRN) ,10
013-001, Wallace-Elder (GRN) ,9
013-002, Wallace-Elder (GRN) ,8
013-003, Wallace-Elder (GRN) ,8
013-004, Wallace-Elder (GRN) ,24
013-005, Wallace-Elder (GRN) ,17
013-006, Wallace-Elder (GRN) ,1
013-007, Wallace-Elder (GRN) ,1
013-008, Wallace-Elder (GRN) ,10
013-009, Wallace-Elder (GRN) ,9
013-010, Wallace-Elder (GRN) ,6
013-011, Wallace-Elder (GRN) ,20
013-012, Wallace-Elder (GRN) ,11
014-001, Wallace-Elder (GRN) ,6
014-002, Wallace-Elder (GRN) ,5
014-003, Wallace-Elder (GRN) ,3
014-004, Wallace-Elder (GRN) ,10
014-005, Wallace-Elder (GRN) ,2
015-001, Wallace-Elder (GRN) ,7
015-002, Wallace-Elder (GRN) ,4
015-003, Wallace-Elder (GRN) ,5
015-004, Wallace-Elder (GRN) ,2
015-005, Wallace-Elder (GRN) ,5
015-006, Wallace-Elder (GRN) ,2
015-007, Wallace-Elder (GRN) ,3
015-008, Wallace-Elder (GRN) ,3
015-009, Wallace-Elder (GRN) ,7
015-010, Wallace-Elder (GRN) ,2
015-011, Wallace-Elder (GRN) ,2
015-012, Wallace-Elder (GRN) ,3
015-013, Wallace-Elder (GRN) ,0
015-014, Wallace-Elder (GRN) ,3
015-015, Wallace-Elder (GRN) ,3
015-016, Wallace-Elder (GRN) ,0
015-017, Wallace-Elder (GRN) ,1
015-018, Wallace-Elder (GRN) ,2
015-019, Wallace-Elder (GRN) ,2
015-020, Wallace-Elder (GRN) ,1
015-021, Wallace-Elder (GRN) ,1
015-022, Wallace-Elder (GRN) ,1
015-023, Wallace-Elder (GRN) ,1
015-024, Wallace-Elder (GRN) ,4
015-025, Wallace-Elder (GRN) ,3
016-001, Wallace-Elder (GRN) ,3
016-002, Wallace-Elder (GRN) ,2
016-003, Wallace-Elder (GRN) ,2
016-004, Wallace-Elder (GRN) ,3
016-005, Wallace-Elder (GRN) ,5
016-006, Wallace-Elder (GRN) ,3
016-007, Wallace-Elder (GRN) ,3
016-008, Wallace-Elder (GRN) ,1
016-009, Wallace-Elder (GRN) ,2
016-010, Wallace-Elder (GRN) ,0
016-011, Wallace-Elder (GRN) ,0
016-012, Wallace-Elder (GRN) ,3
016-013, Wallace-Elder (GRN) ,7
016-014, Wallace-Elder (GRN) ,11
017-001, Wallace-Elder (GRN) ,0
017-002, Wallace-Elder (GRN) ,16
018-001, Wallace-Elder (GRN) ,5
018-002, Wallace-Elder (GRN) ,6
019-001, Wallace-Elder (GRN) ,2
019-002, Wallace-Elder (GRN) ,3
019-003, Wallace-Elder (GRN) ,1
020-001, Wallace-Elder (GRN) ,1
020-002, Wallace-Elder (GRN) ,1
020-003, Wallace-Elder (GRN) ,6
020-004, Wallace-Elder (GRN) ,0
020-005, Wallace-Elder (GRN) ,5
020-006, Wallace-Elder (GRN) ,7
020-007, Wallace-Elder (GRN) ,7
020-008, Wallace-Elder (GRN) ,0
020-009, Wallace-Elder (GRN) ,1
020-010, Wallace-Elder (GRN) ,0
020-011, Wallace-Elder (GRN) ,1
021-001, Wallace-Elder (GRN) ,2
021-002, Wallace-Elder (GRN) ,9
021-003, Wallace-Elder (GRN) ,9
021-004, Wallace-Elder (GRN) ,2
022-001, Wallace-Elder (GRN) ,8
022-002, Wallace-Elder (GRN) ,5
023-001, Wallace-Elder (GRN) ,5
023-002, Wallace-Elder (GRN) ,2
023-003, Wallace-Elder (GRN) ,10
024-001, Wallace-Elder (GRN) ,2
024-002, Wallace-Elder (GRN) ,3
024-003, Wallace-Elder (GRN) ,5
024-004, Wallace-Elder (GRN) ,8
024-005, Wallace-Elder (GRN) ,17
025-001, Wallace-Elder (GRN) ,5
025-002, Wallace-Elder (GRN) ,9
025-003, Wallace-Elder (GRN) ,4
025-004, Wallace-Elder (GRN) ,8
025-005, Wallace-Elder (GRN) ,4
025-006, Wallace-Elder (GRN) ,3
025-007, Wallace-Elder (GRN) ,0
025-008, Wallace-Elder (GRN) ,2
025-009, Wallace-Elder (GRN) ,4
025-010, Wallace-Elder (GRN) ,3
025-011, Wallace-Elder (GRN) ,1
025-012, Wallace-Elder (GRN) ,4
025-013, Wallace-Elder (GRN) ,1
025-014, Wallace-Elder (GRN) ,8
025-015, Wallace-Elder (GRN) ,1
025-016, Wallace-Elder (GRN) ,1
025-017, Wallace-Elder (GRN) ,10
026-001, Wallace-Elder (GRN) ,1
026-002, Wallace-Elder (GRN) ,4
026-003, Wallace-Elder (GRN) ,5
026-004, Wallace-Elder (GRN) ,1
026-005, Wallace-Elder (GRN) ,2
026-006, Wallace-Elder (GRN) ,0
026-007, Wallace-Elder (GRN) ,2
026-008, Wallace-Elder (GRN) ,7
026-009, Wallace-Elder (GRN) ,9
026-010, Wallace-Elder (GRN) ,7
026-011, Wallace-Elder (GRN) ,2
026-012, Wallace-Elder (GRN) ,1
026-013, Wallace-Elder (GRN) ,2
026-014, Wallace-Elder (GRN) ,3
026-015, Wallace-Elder (GRN) ,1
026-016, Wallace-Elder (GRN) ,2
026-017, Wallace-Elder (GRN) ,4
026-018, Wallace-Elder (GRN) ,3
026-019, Wallace-Elder (GRN) ,1
026-020, Wallace-Elder (GRN) ,3
026-021, Wallace-Elder (GRN) ,3
026-022, Wallace-Elder (GRN) ,4
026-023, Wallace-Elder (GRN) ,5
026-024, Wallace-Elder (GRN) ,5
026-025, Wallace-Elder (GRN) ,6
026-026, Wallace-Elder (GRN) ,0
026-027, Wallace-Elder (GRN) ,7
026-028, Wallace-Elder (GRN) ,4
026-029, Wallace-Elder (GRN) ,10
026-030, Wallace-Elder (GRN) ,2
026-031, Wallace-Elder (GRN) ,2
026-032, Wallace-Elder (GRN) ,4
026-033, Wallace-Elder (GRN) ,4
027-001, Wallace-Elder (GRN) ,12
027-002, Wallace-Elder (GRN) ,6
027-003, Wallace-Elder (GRN) ,7
027-004, Wallace-Elder (GRN) ,2
027-005, Wallace-Elder (GRN) ,7
027-006, Wallace-Elder (GRN) ,11
027-007, Wallace-Elder (GRN) ,0
027-008, Wallace-Elder (GRN) ,9
027-009, Wallace-Elder (GRN) ,4
027-010, Wallace-Elder (GRN) ,7
027-011, Wallace-Elder (GRN) ,7
027-012, Wallace-Elder (GRN) ,2
027-013, Wallace-Elder (GRN) ,5
027-014, Wallace-Elder (GRN) ,17
027-015, Wallace-Elder (GRN) ,8
027-016, Wallace-Elder (GRN) ,4
027-017, Wallace-Elder (GRN) ,10
027-018, Wallace-Elder (GRN) ,5
027-019, Wallace-Elder (GRN) ,2
027-020, Wallace-Elder (GRN) ,1
027-021, Wallace-Elder (GRN) ,8
027-022, Wallace-Elder (GRN) ,7
027-023, Wallace-Elder (GRN) ,1
027-024, Wallace-Elder (GRN) ,0
027-025, Wallace-Elder (GRN) ,4
027-026, Wallace-Elder (GRN) ,3
027-027, Wallace-Elder (GRN) ,2
027-028, Wallace-Elder (GRN) ,3
027-029, Wallace-Elder (GRN) ,2
027-030, Wallace-Elder (GRN) ,1
027-031, Wallace-Elder (GRN) ,7
027-032, Wallace-Elder (GRN) ,8
027-033, Wallace-Elder (GRN) ,7
027-034, Wallace-Elder (GRN) ,7
027-035, Wallace-Elder (GRN) ,4
027-036, Wallace-Elder (GRN) ,5
027-037, Wallace-Elder (GRN) ,11
027-038, Wallace-Elder (GRN) ,0
027-039, Wallace-Elder (GRN) ,3
027-040, Wallace-Elder (GRN) ,7
027-041, Wallace-Elder (GRN) ,7
027-042, Wallace-Elder (GRN) ,3
027-043, Wallace-Elder (GRN) ,5
027-044, Wallace-Elder (GRN) ,10
027-045, Wallace-Elder (GRN) ,10
027-046, Wallace-Elder (GRN) ,5
027-047, Wallace-Elder (GRN) ,5
027-048, Wallace-Elder (GRN) ,4
027-049, Wallace-Elder (GRN) ,16
027-050, Wallace-Elder (GRN) ,3
027-051, Wallace-Elder (GRN) ,0
027-052, Wallace-Elder (GRN) ,3
027-053, Wallace-Elder (GRN) ,2
027-054, Wallace-Elder (GRN) ,2
027-055, Wallace-Elder (GRN) ,3
027-056, Wallace-Elder (GRN) ,0
027-057, Wallace-Elder (GRN) ,3
027-058, Wallace-Elder (GRN) ,2
027-059, Wallace-Elder (GRN) ,3
027-060, Wallace-Elder (GRN) ,7
027-061, Wallace-Elder (GRN) ,2
027-062, Wallace-Elder (GRN) ,9
027-063, Wallace-Elder (GRN) ,1
027-064, Wallace-Elder (GRN) ,4
027-065, Wallace-Elder (GRN) ,4
027-066, Wallace-Elder (GRN) ,2
027-067, Wallace-Elder (GRN) ,1
027-069, Wallace-Elder (GRN) ,3
028-001, Wallace-Elder (GRN) ,1
028-002, Wallace-Elder (GRN) ,6
028-003, Wallace-Elder (GRN) ,0
028-004, Wallace-Elder (GRN) ,0
028-005, Wallace-Elder (GRN) ,2
028-006, Wallace-Elder (GRN) ,3
028-007, Wallace-Elder (GRN) ,2
028-008, Wallace-Elder (GRN) ,4
028-009, Wallace-Elder (GRN) ,4
028-010, Wallace-Elder (GRN) ,8
028-011, Wallace-Elder (GRN) ,6
028-012, Wallace-Elder (GRN) ,5
028-013, Wallace-Elder (GRN) ,10
028-014, Wallace-Elder (GRN) ,3
028-015, Wallace-Elder (GRN) ,7
001-001, Harding-White (WCP) ,8
001-002, Harding-White (WCP) ,11
001-003, Harding-White (WCP) ,3
001-004, Harding-White (WCP) ,5
001-005, Harding-White (WCP) ,8
002-001, Harding-White (WCP) ,2
002-002, Harding-White (WCP) ,10
002-003, Harding-White (WCP) ,11
003-001, Harding-White (WCP) ,6
003-002, Harding-White (WCP) ,0
003-003, Harding-White (WCP) ,4
004-001, Harding-White (WCP) ,5
004-002, Harding-White (WCP) ,13
004-003, Harding-White (WCP) ,5
005-001, Harding-White (WCP) ,6
005-002, Harding-White (WCP) ,1
006-001, Harding-White (WCP) ,0
006-002, Harding-White (WCP) ,6
006-003, Harding-White (WCP) ,4
006-004, Harding-White (WCP) ,7
006-005, Harding-White (WCP) ,7
007-001, Harding-White (WCP) ,3
007-002, Harding-White (WCP) ,1
007-003, Harding-White (WCP) ,6
007-004, Harding-White (WCP) ,2
008-001, Harding-White (WCP) ,0
008-002, Harding-White (WCP) ,5
008-003, Harding-White (WCP) ,7
008-004, Harding-White (WCP) ,2
008-005, Harding-White (WCP) ,3
008-006, Harding-White (WCP) ,7
008-007, Harding-White (WCP) ,7
008-008, Harding-White (WCP) ,7
008-009, Harding-White (WCP) ,0
008-010, Harding-White (WCP) ,12
008-011, Harding-White (WCP) ,5
009-001, Harding-White (WCP) ,2
009-002, Harding-White (WCP) ,6
009-003, Harding-White (WCP) ,4
009-004, Harding-White (WCP) ,13
009-005, Harding-White (WCP) ,7
009-006, Harding-White (WCP) ,10
009-007, Harding-White (WCP) ,2
009-008, Harding-White (WCP) ,3
009-009, Harding-White (WCP) ,4
009-010, Harding-White (WCP) ,7
009-011, Harding-White (WCP) ,2
009-012, Harding-White (WCP) ,5
009-013, Harding-White (WCP) ,1
009-014, Harding-White (WCP) ,7
009-015, Harding-White (WCP) ,5
010-001, Harding-White (WCP) ,1
010-002, Harding-White (WCP) ,4
010-003, Harding-White (WCP) ,1
010-004, Harding-White (WCP) ,2
011-001, Harding-White (WCP) ,13
011-002, Harding-White (WCP) ,4
011-003, Harding-White (WCP) ,8
011-004, Harding-White (WCP) ,2
011-005, Harding-White (WCP) ,9
011-006, Harding-White (WCP) ,12
011-007, Harding-White (WCP) ,11
011-008, Harding-White (WCP) ,0
012-001, Harding-White (WCP) ,11
012-002, Harding-White (WCP) ,1
012-003, Harding-White (WCP) ,8
012-004, Harding-White (WCP) ,7
012-005, Harding-White (WCP) ,7
012-006, Harding-White (WCP) ,12
012-007, Harding-White (WCP) ,12
012-008, Harding-White (WCP) ,24
012-009, Harding-White (WCP) ,2
012-010, Harding-White (WCP) ,7
012-011, Harding-White (WCP) ,3
012-012, Harding-White (WCP) ,10
013-001, Harding-White (WCP) ,4
013-002, Harding-White (WCP) ,14
013-003, Harding-White (WCP) ,11
013-004, Harding-White (WCP) ,21
013-005, Harding-White (WCP) ,9
013-006, Harding-White (WCP) ,1
013-007, Harding-White (WCP) ,7
013-008, Harding-White (WCP) ,8
013-009, Harding-White (WCP) ,5
013-010, Harding-White (WCP) ,9
013-011, Harding-White (WCP) ,16
013-012, Harding-White (WCP) ,13
014-001, Harding-White (WCP) ,4
014-002, Harding-White (WCP) ,3
014-003, Harding-White (WCP) ,5
014-004, Harding-White (WCP) ,11
014-005, Harding-White (WCP) ,3
015-001, Harding-White (WCP) ,5
015-002, Harding-White (WCP) ,1
015-003, Harding-White (WCP) ,7
015-004, Harding-White (WCP) ,4
015-005, Harding-White (WCP) ,6
015-006, Harding-White (WCP) ,4
015-007, Harding-White (WCP) ,5
015-008, Harding-White (WCP) ,5
015-009, Harding-White (WCP) ,11
015-010, Harding-White (WCP) ,8
015-011, Harding-White (WCP) ,6
015-012, Harding-White (WCP) ,1
015-013, Harding-White (WCP) ,7
015-014, Harding-White (WCP) ,6
015-015, Harding-White (WCP) ,1
015-016, Harding-White (WCP) ,3
015-017, Harding-White (WCP) ,4
015-018, Harding-White (WCP) ,6
015-019, Harding-White (WCP) ,3
015-020, Harding-White (WCP) ,7
015-021, Harding-White (WCP) ,4
015-022, Harding-White (WCP) ,1
015-023, Harding-White (WCP) ,2
015-024, Harding-White (WCP) ,4
015-025, Harding-White (WCP) ,2
016-001, Harding-White (WCP) ,0
016-002, Harding-White (WCP) ,2
016-003, Harding-White (WCP) ,5
016-004, Harding-White (WCP) ,0
016-005, Harding-White (WCP) ,3
016-006, Harding-White (WCP) ,8
016-007, Harding-White (WCP) ,3
016-008, Harding-White (WCP) ,0
016-009, Harding-White (WCP) ,1
016-010, Harding-White (WCP) ,4
016-011, Harding-White (WCP) ,9
016-012, Harding-White (WCP) ,7
016-013, Harding-White (WCP) ,7
016-014, Harding-White (WCP) ,10
017-001, Harding-White (WCP) ,2
017-002, Harding-White (WCP) ,7
018-001, Harding-White (WCP) ,7
018-002, Harding-White (WCP) ,7
019-001, Harding-White (WCP) ,3
019-002, Harding-White (WCP) ,2
019-003, Harding-White (WCP) ,1
020-001, Harding-White (WCP) ,7
020-002, Harding-White (WCP) ,6
020-003, Harding-White (WCP) ,2
020-004, Harding-White (WCP) ,0
020-005, Harding-White (WCP) ,1
020-006, Harding-White (WCP) ,10
020-007, Harding-White (WCP) ,6
020-008, Harding-White (WCP) ,5
020-009, Harding-White (WCP) ,1
020-010, Harding-White (WCP) ,1
020-011, Harding-White (WCP) ,3
021-001, Harding-White (WCP) ,4
021-002, Harding-White (WCP) ,7
021-003, Harding-White (WCP) ,5
021-004, Harding-White (WCP) ,2
022-001, Harding-White (WCP) ,1
022-002, Harding-White (WCP) ,3
023-001, Harding-White (WCP) ,6
023-002, Harding-White (WCP) ,5
023-003, Harding-White (WCP) ,9
024-001, Harding-White (WCP) ,5
024-002, Harding-White (WCP) ,2
024-003, Harding-White (WCP) ,5
024-004, Harding-White (WCP) ,7
024-005, Harding-White (WCP) ,11
025-001, Harding-White (WCP) ,13
025-002, Harding-White (WCP) ,4
025-003, Harding-White (WCP) ,6
025-004, Harding-White (WCP) ,9
025-005, Harding-White (WCP) ,4
025-006, Harding-White (WCP) ,9
025-007, Harding-White (WCP) ,4
025-008, Harding-White (WCP) ,9
025-009, Harding-White (WCP) ,5
025-010, Harding-White (WCP) ,6
025-011, Harding-White (WCP) ,2
025-012, Harding-White (WCP) ,9
025-013, Harding-White (WCP) ,2
025-014, Harding-White (WCP) ,6
025-015, Harding-White (WCP) ,5
025-016, Harding-White (WCP) ,7
025-017, Harding-White (WCP) ,12
026-001, Harding-White (WCP) ,2
026-002, Harding-White (WCP) ,3
026-003, Harding-White (WCP) ,3
026-004, Harding-White (WCP) ,1
026-005, Harding-White (WCP) ,2
026-006, Harding-White (WCP) ,5
026-007, Harding-White (WCP) ,3
026-008, Harding-White (WCP) ,5
026-009, Harding-White (WCP) ,17
026-010, Harding-White (WCP) ,8
026-011, Harding-White (WCP) ,3
026-012, Harding-White (WCP) ,1
026-013, Harding-White (WCP) ,7
026-014, Harding-White (WCP) ,9
026-015, Harding-White (WCP) ,10
026-016, Harding-White (WCP) ,9
026-017, Harding-White (WCP) ,4
026-018, Harding-White (WCP) ,4
026-019, Harding-White (WCP) ,6
026-020, Harding-White (WCP) ,5
026-021, Harding-White (WCP) ,2
026-022, Harding-White (WCP) ,3
026-023, Harding-White (WCP) ,4
026-024, Harding-White (WCP) ,8
026-025, Harding-White (WCP) ,6
026-026, Harding-White (WCP) ,9
026-027, Harding-White (WCP) ,11
026-028, Harding-White (WCP) ,6
026-029, Harding-White (WCP) ,12
026-030, Harding-White (WCP) ,5
026-031, Harding-White (WCP) ,5
026-032, Harding-White (WCP) ,1
026-033, Harding-White (WCP) ,4
027-001, Harding-White (WCP) ,12
027-002, Harding-White (WCP) ,4
027-003, Harding-White (WCP) ,4
027-004, Harding-White (WCP) ,4
027-005, Harding-White (WCP) ,18
027-006, Harding-White (WCP) ,14
027-007, Harding-White (WCP) ,5
027-008, Harding-White (WCP) ,10
027-009, Harding-White (WCP) ,7
027-010, Harding-White (WCP) ,5
027-011, Harding-White (WCP) ,17
027-012, Harding-White (WCP) ,7
027-013, Harding-White (WCP) ,5
027-014, Harding-White (WCP) ,22
027-015, Harding-White (WCP) ,8
027-016, Harding-White (WCP) ,4
027-017, Harding-White (WCP) ,6
027-018, Harding-White (WCP) ,10
027-019, Harding-White (WCP) ,5
027-020, Harding-White (WCP) ,7
027-021, Harding-White (WCP) ,9
027-022, Harding-White (WCP) ,7
027-023, Harding-White (WCP) ,2
027-024, Harding-White (WCP) ,0
027-025, Harding-White (WCP) ,7
027-026, Harding-White (WCP) ,4
027-027, Harding-White (WCP) ,7
027-028, Harding-White (WCP) ,2
027-029, Harding-White (WCP) ,4
027-030, Harding-White (WCP) ,3
027-031, Harding-White (WCP) ,6
027-032, Harding-White (WCP) ,10
027-033, Harding-White (WCP) ,7
027-034, Harding-White (WCP) ,6
027-035, Harding-White (WCP) ,5
027-036, Harding-White (WCP) ,4
027-037, Harding-White (WCP) ,8
027-038, Harding-White (WCP) ,0
027-039, Harding-White (WCP) ,1
027-040, Harding-White (WCP) ,3
027-041, Harding-White (WCP) ,2
027-042, Harding-White (WCP) ,2
027-043, Harding-White (WCP) ,6
027-044, Harding-White (WCP) ,5
027-045, Harding-White (WCP) ,2
027-046, Harding-White (WCP) ,1
027-047, Harding-White (WCP) ,7
027-048, Harding-White (WCP) ,1
027-049, Harding-White (WCP) ,7
027-050, Harding-White (WCP) ,7
027-051, Harding-White (WCP) ,0
027-052, Harding-White (WCP) ,5
027-053, Harding-White (WCP) ,7
027-054, Harding-White (WCP) ,2
027-055, Harding-White (WCP) ,3
027-056, Harding-White (WCP) ,0
027-057, Harding-White (WCP) ,4
027-058, Harding-White (WCP) ,5
027-059, Harding-White (WCP) ,6
027-060, Harding-White (WCP) ,5
027-061, Harding-White (WCP) ,3
027-062, Harding-White (WCP) ,2
027-063, Harding-White (WCP) ,8
027-064, Harding-White (WCP) ,2
027-065, Harding-White (WCP) ,4
027-066, Harding-White (WCP) ,7
027-067, Harding-White (WCP) ,1
027-069, Harding-White (WCP) ,0
028-001, Harding-White (WCP) ,7
028-002, Harding-White (WCP) ,7
028-003, Harding-White (WCP) ,2
028-004, Harding-White (WCP) ,2
028-005, Harding-White (WCP) ,6
028-006, Harding-White (WCP) ,8
028-007, Harding-White (WCP) ,2
028-008, Harding-White (WCP) ,5
028-009, Harding-White (WCP) ,7
028-010, Harding-White (WCP) ,10
028-011, Harding-White (WCP) ,9
028-012, Harding-White (WCP) ,4
028-013, Harding-White (WCP) ,6
028-014, Harding-White (WCP) ,2
028-015, Harding-White (WCP) ,6
001-001,WRITE-IN,2
001-002,                                                                         WRITE-IN,3
001-003,                                                                         WRITE-IN,0
001-004,                                                                         WRITE-IN,2
001-005,                                                                         WRITE-IN,1
002-001,                                                                         WRITE-IN,1
002-002,                                                                         WRITE-IN,2
002-003,                                                                         WRITE-IN,0
003-001,                                                                         WRITE-IN,0
003-002,                                                                         WRITE-IN,0
003-003,                                                                         WRITE-IN,0
004-001,                                                                         WRITE-IN,4
004-002,                                                                         WRITE-IN,2
004-003,                                                                         WRITE-IN,1
005-001,                                                                         WRITE-IN,1
005-002, VOTER TURNOUT - BLANK  ,57
006-001,                                                                         WRITE-IN,0
006-002, VOTER TURNOUT - BLANK  ,1
006-003, VOTER TURNOUT - BLANK  ,2
006-004,                                                                         WRITE-IN,2
006-005,                                                                         WRITE-IN,1
007-001, VOTER TURNOUT - BLANK  ,1
007-002, VOTER TURNOUT - BLANK  ,64
007-003, VOTER TURNOUT - BLANK  ,1
007-004, VOTER TURNOUT - BLANK  ,61
008-001, VOTER TURNOUT - BLANK  ,0
008-002, VOTER TURNOUT - BLANK  ,78
008-003, VOTER TURNOUT - BLANK  ,1
008-004, VOTER TURNOUT - BLANK  ,85
008-005, VOTER TURNOUT - BLANK  ,49
008-006, VOTER TURNOUT - BLANK  ,1
008-007, VOTER TURNOUT - BLANK  ,1
008-008, VOTER TURNOUT - BLANK  ,2
008-009, VOTER TURNOUT - BLANK  ,0
008-010, VOTER TURNOUT - BLANK  ,2
008-011, VOTER TURNOUT - BLANK  ,1
009-001,                                                                         WRITE-IN,0
009-002,                                                                         WRITE-IN,1
009-003,                                                                         WRITE-IN,1
009-004,                                                                         WRITE-IN,3
009-005,                                                                         WRITE-IN,0
009-006,                                                                         WRITE-IN,3
009-007, VOTER TURNOUT - BLANK  ,86
009-008, VOTER TURNOUT - BLANK  ,1
009-009,                                                                         WRITE-IN,0
009-010,                                                                         WRITE-IN,3
009-011,                                                                         WRITE-IN,0
009-012,                                                                         WRITE-IN,1
009-013, VOTER TURNOUT - BLANK  ,1
009-014,                                                                         WRITE-IN,0
009-015, VOTER TURNOUT - BLANK  ,1
010-001, VOTER TURNOUT - BLANK  ,1
010-002, VOTER TURNOUT - BLANK  ,3
010-003,                                                                         WRITE-IN,0
010-004, VOTER TURNOUT - BLANK  ,1
011-001,                                                                         WRITE-IN,3
011-002,                                                                         WRITE-IN,1
011-003,                                                                         WRITE-IN,1
011-004,                                                                         WRITE-IN,2
011-005,                                                                         WRITE-IN,2
011-006,                                                                         WRITE-IN,0
011-007,                                                                         WRITE-IN,1
011-008, Cox-Schifanelli (REP)  ,0
012-001,                                                                         WRITE-IN,8
012-002,                                                                         WRITE-IN,1
012-003,                                                                         WRITE-IN,0
012-004,                                                                         WRITE-IN,2
012-005,                                                                         WRITE-IN,5
012-006,                                                                         WRITE-IN,2
012-007,                                                                         WRITE-IN,1
012-008,                                                                         WRITE-IN,5
012-009,                                                                         WRITE-IN,0
012-010,                                                                         WRITE-IN,0
012-011,                                                                         WRITE-IN,2
012-012, VOTER TURNOUT - BLANK  ,1
013-001, VOTER TURNOUT - BLANK  ,3
013-002,                                                                         WRITE-IN,3
013-003,                                                                         WRITE-IN,4
013-004,                                                                         WRITE-IN,5
013-005,                                                                         WRITE-IN,1
013-006,                                                                         WRITE-IN,0
013-007,                                                                         WRITE-IN,0
013-008,                                                                         WRITE-IN,2
013-009,                                                                         WRITE-IN,1
013-010,                                                                         WRITE-IN,5
013-011,                                                                         WRITE-IN,2
013-012,                                                                         WRITE-IN,1
014-001,                                                                         WRITE-IN,0
014-002,                                                                         WRITE-IN,5
014-003,                                                                         WRITE-IN,0
014-004,                                                                         WRITE-IN,3
014-005,                                                                         WRITE-IN,0
015-001, VOTER TURNOUT - BLANK  ,1
015-002, VOTER TURNOUT - BLANK  ,72
015-003, VOTER TURNOUT - BLANK  ,1
015-004,                                                                         WRITE-IN,1
015-005,                                                                         WRITE-IN,0
015-006,                                                                         WRITE-IN,0
015-007, VOTER TURNOUT - BLANK  ,44
015-008, VOTER TURNOUT - BLANK  ,1
015-009, VOTER TURNOUT - BLANK  ,1
015-010, VOTER TURNOUT - BLANK  ,76
015-011, VOTER TURNOUT - BLANK  ,1
015-012,                                                                         WRITE-IN,0
015-013,                                                                         WRITE-IN,1
015-014,                                                                         WRITE-IN,1
015-015,                                                                         WRITE-IN,0
015-016,                                                                         WRITE-IN,0
015-017,                                                                         WRITE-IN,1
015-018,                                                                         WRITE-IN,0
015-019,                                                                         WRITE-IN,0
015-020,                                                                         WRITE-IN,1
015-021,                                                                         WRITE-IN,0
015-022,                                                                         WRITE-IN,0
015-023,                                                                         WRITE-IN,1
015-024,                                                                         WRITE-IN,0
015-025,                                                                         WRITE-IN,1
016-001,                                                                         WRITE-IN,0
016-002,                                                                         WRITE-IN,0
016-003,                                                                         WRITE-IN,0
016-004,                                                                         WRITE-IN,0
016-005,                                                                         WRITE-IN,0
016-006,                                                                         WRITE-IN,1
016-007,                                                                         WRITE-IN,0
016-008,                                                                         WRITE-IN,0
016-009,                                                                         WRITE-IN,1
016-010,                                                                         WRITE-IN,0
016-011,                                                                         WRITE-IN,0
016-012,                                                                         WRITE-IN,0
016-013, VOTER TURNOUT - BLANK  ,1
016-014, VOTER TURNOUT - BLANK  ,1
017-001,                                                                         WRITE-IN,1
017-002,                                                                         WRITE-IN,0
018-001,                                                                         WRITE-IN,2
018-002,                                                                         WRITE-IN,0
019-001,                                                                         WRITE-IN,0
019-002,                                                                         WRITE-IN,1
019-003,                                                                         WRITE-IN,0
020-001,                                                                         WRITE-IN,0
020-002,                                                                         WRITE-IN,0
020-003,                                                                         WRITE-IN,0
020-004,                                                                         WRITE-IN,0
020-005,                                                                         WRITE-IN,0
020-006, VOTER TURNOUT - BLANK  ,2
020-007, VOTER TURNOUT - BLANK  ,3
020-008, VOTER TURNOUT - BLANK  ,79
020-009,                                                                         WRITE-IN,0
020-010,                                                                         WRITE-IN,0
020-011,                                                                         WRITE-IN,0
021-001,                                                                         WRITE-IN,1
021-002,                                                                         WRITE-IN,1
021-003,                                                                         WRITE-IN,2
021-004,                                                                         WRITE-IN,1
022-001,                                                                         WRITE-IN,0
022-002,                                                                         WRITE-IN,2
023-001,                                                                         WRITE-IN,1
023-002,                                                                         WRITE-IN,0
023-003,                                                                         WRITE-IN,0
024-001,                                                                         WRITE-IN,1
024-002,                                                                         WRITE-IN,0
024-003,                                                                         WRITE-IN,1
024-004,                                                                         WRITE-IN,3
024-005,                                                                         WRITE-IN,4
025-001, VOTER TURNOUT - BLANK  ,1
025-002, VOTER TURNOUT - BLANK  ,1
025-003,                                                                         WRITE-IN,1
025-004,                                                                         WRITE-IN,2
025-005,                                                                         WRITE-IN,0
025-006,                                                                         WRITE-IN,0
025-007,                                                                         WRITE-IN,1
025-008,                                                                         WRITE-IN,0
025-009,                                                                         WRITE-IN,0
025-010,                                                                         WRITE-IN,0
025-011,                                                                         WRITE-IN,1
025-012,                                                                         WRITE-IN,1
025-013,                                                                         WRITE-IN,0
025-014,                                                                         WRITE-IN,0
025-015,                                                                         WRITE-IN,1
025-016,                                                                         WRITE-IN,0
025-017, VOTER TURNOUT - BLANK  ,1
026-001,                                                                         WRITE-IN,0
026-002,                                                                         WRITE-IN,1
026-003,                                                                         WRITE-IN,1
026-004,                                                                         WRITE-IN,0
026-005,                                                                         WRITE-IN,0
026-006,                                                                         WRITE-IN,0
026-007,                                                                         WRITE-IN,1
026-008,                                                                         WRITE-IN,1
026-009,                                                                         WRITE-IN,4
026-010,                                                                         WRITE-IN,4
026-011,                                                                         WRITE-IN,0
026-012,                                                                         WRITE-IN,0
026-013, VOTER TURNOUT - BLANK  ,1
026-014, VOTER TURNOUT - BLANK  ,1
026-015, VOTER TURNOUT - BLANK  ,77
026-016, VOTER TURNOUT - BLANK  ,1
026-017, VOTER TURNOUT - BLANK  ,17
026-018, VOTER TURNOUT - BLANK  ,2
026-019, VOTER TURNOUT - BLANK  ,94
026-020, VOTER TURNOUT - BLANK  ,1
026-021, VOTER TURNOUT - BLANK  ,1
026-022, VOTER TURNOUT - BLANK  ,1
026-023, VOTER TURNOUT - BLANK  ,1
026-024, VOTER TURNOUT - BLANK  ,1
026-025, VOTER TURNOUT - BLANK  ,1
026-026, VOTER TURNOUT - BLANK  ,1
026-027, VOTER TURNOUT - BLANK  ,2
026-028, VOTER TURNOUT - BLANK  ,1
026-029, VOTER TURNOUT - BLANK  ,1
026-030, VOTER TURNOUT - BLANK  ,2
026-031, VOTER TURNOUT - BLANK  ,1
026-032, VOTER TURNOUT - BLANK  ,68
026-033, VOTER TURNOUT - BLANK  ,80
027-001, VOTER TURNOUT - BLANK  ,88
027-002, VOTER TURNOUT - BLANK  ,2
027-003, VOTER TURNOUT - BLANK  ,2
027-004, VOTER TURNOUT - BLANK  ,2
027-005, VOTER TURNOUT - BLANK  ,94
027-006, VOTER TURNOUT - BLANK  ,1
027-007, VOTER TURNOUT - BLANK  ,1
027-008, VOTER TURNOUT - BLANK  ,1
027-009, VOTER TURNOUT - BLANK  ,89
027-010, VOTER TURNOUT - BLANK  ,1
027-011, VOTER TURNOUT - BLANK  ,1
027-012, VOTER TURNOUT - BLANK  ,1
027-013, VOTER TURNOUT - BLANK  ,77
027-014, VOTER TURNOUT - BLANK  ,1
027-015, VOTER TURNOUT - BLANK  ,1
027-016, VOTER TURNOUT - BLANK  ,1
027-017,                                                                         WRITE-IN,4
027-018, VOTER TURNOUT - BLANK  ,1
027-019, VOTER TURNOUT - BLANK  ,2
027-020,                                                                         WRITE-IN,0
027-021,                                                                         WRITE-IN,2
027-022,                                                                         WRITE-IN,0
027-023,                                                                         WRITE-IN,1
027-024,                                                                         WRITE-IN,0
027-025,                                                                         WRITE-IN,1
027-026,                                                                         WRITE-IN,1
027-027,                                                                         WRITE-IN,1
027-028,                                                                         WRITE-IN,1
027-029,                                                                         WRITE-IN,1
027-030,                                                                         WRITE-IN,0
027-031,                                                                         WRITE-IN,3
027-032,                                                                         WRITE-IN,0
027-033,                                                                         WRITE-IN,1
027-034,                                                                         WRITE-IN,2
027-035,                                                                         WRITE-IN,1
027-036,                                                                         WRITE-IN,0
027-037,                                                                         WRITE-IN,1
027-038,                                                                         WRITE-IN,1
027-039,                                                                         WRITE-IN,0
027-040, VOTER TURNOUT - BLANK  ,2
027-041,                                                                         WRITE-IN,1
027-042, VOTER TURNOUT - BLANK  ,2
027-043, VOTER TURNOUT - BLANK  ,3
027-044, VOTER TURNOUT - BLANK  ,2
027-045, VOTER TURNOUT - BLANK  ,2
027-046, VOTER TURNOUT - BLANK  ,2
027-047, VOTER TURNOUT - BLANK  ,2
027-048, VOTER TURNOUT - BLANK  ,2
027-049, VOTER TURNOUT - BLANK  ,4
027-050, VOTER TURNOUT - BLANK  ,2
027-051, VOTER TURNOUT - BLANK  ,3
027-052, VOTER TURNOUT - BLANK  ,1
027-053,                                                                         WRITE-IN,0
027-054,                                                                         WRITE-IN,1
027-055, VOTER TURNOUT - BLANK  ,0
027-056, VOTER TURNOUT - BLANK  ,92
027-057, VOTER TURNOUT - BLANK  ,1
027-058, VOTER TURNOUT - BLANK  ,2
027-059, VOTER TURNOUT - BLANK  ,4
027-060, VOTER TURNOUT - BLANK  ,2
027-061, VOTER TURNOUT - BLANK  ,3
027-062, VOTER TURNOUT - BLANK  ,5
027-063, VOTER TURNOUT - BLANK  ,3
027-064, VOTER TURNOUT - BLANK  ,5
027-065, VOTER TURNOUT - BLANK  ,4
027-066, VOTER TURNOUT - BLANK  ,5
027-067, VOTER TURNOUT - BLANK  ,3
027-069, VOTER TURNOUT - BLANK  ,1
028-001, VOTER TURNOUT - BLANK  ,2
028-002, VOTER TURNOUT - BLANK  ,1
028-003, VOTER TURNOUT - BLANK  ,23
028-004, VOTER TURNOUT - BLANK  ,1
028-005, VOTER TURNOUT - BLANK  ,1
028-006, VOTER TURNOUT - BLANK  ,1
028-007, VOTER TURNOUT - BLANK  ,1
028-008, VOTER TURNOUT - BLANK  ,1
028-009, VOTER TURNOUT - BLANK  ,1
028-010, VOTER TURNOUT - BLANK  ,1
028-011, VOTER TURNOUT - BLANK  ,1
028-012, VOTER TURNOUT - BLANK  ,1
028-013, VOTER TURNOUT - BLANK  ,1
028-014, VOTER TURNOUT - BLANK  ,1
028-015, VOTER TURNOUT - BLANK  ,1
