Election,Candidate,Party,Precinct,Votes
Governor,Cox-Schifanelli,REP,001-001,96
Governor,Cox-Schifanelli,REP,001-002,84
Governor,Cox-Schifanelli,REP,001-003,99
Governor,Cox-Schifanelli,REP,001-004,179
Governor,Cox-Schifanelli,REP,001-005,228
Governor,Cox-Schifanelli,REP,002-001,39
Governor,Cox-Schifanelli,REP,002-002,63
Governor,Cox-Schifanelli,REP,002-003,125
Governor,Cox-Schifanelli,REP,003-001,6
Governor,Cox-Schifanelli,REP,003-002,7
Governor,Cox-Schifanelli,REP,003-003,133
Governor,Cox-Schifanelli,REP,004-001,31
Governor,Cox-Schifanelli,REP,004-002,45
Governor,Cox-Schifanelli,REP,004-003,3
Governor,Cox-Schifanelli,REP,005-001,8
Governor,Cox-Schifanelli,REP,005-002,1
Governor,Cox-Schifanelli,REP,006-001,0
Governor,Cox-Schifanelli,REP,006-002,28
Governor,Cox-Schifanelli,REP,006-003,4
Governor,Cox-Schifanelli,REP,006-004,31
Governor,Cox-Schifanelli,REP,006-005,73
Governor,Cox-Schifanelli,REP,007-001,7
Governor,Cox-Schifanelli,REP,007-002,8
Governor,Cox-Schifanelli,REP,007-003,19
Governor,Cox-Schifanelli,REP,007-004,16
Governor,Cox-Schifanelli,REP,008-001,2
Governor,Cox-Schifanelli,REP,008-002,23
Governor,Cox-Schifanelli,REP,008-003,18
Governor,Cox-Schifanelli,REP,008-004,3
Governor,Cox-Schifanelli,REP,008-005,11
Governor,Cox-Schifanelli,REP,008-006,22
Governor,Cox-Schifanelli,REP,008-007,10
Governor,Cox-Schifanelli,REP,008-008,41
Governor,Cox-Schifanelli,REP,008-009,0
Governor,Cox-Schifanelli,REP,008-010,21
Governor,Cox-Schifanelli,REP,008-011,3
Governor,Cox-Schifanelli,REP,009-001,5
Governor,Cox-Schifanelli,REP,009-002,17
Governor,Cox-Schifanelli,REP,009-003,26
Governor,Cox-Schifanelli,REP,009-004,33
Governor,Cox-Schifanelli,REP,009-005,33
Governor,Cox-Schifanelli,REP,009-006,39
Governor,Cox-Schifanelli,REP,009-007,13
Governor,Cox-Schifanelli,REP,009-008,6
Governor,Cox-Schifanelli,REP,009-009,15
Governor,Cox-Schifanelli,REP,009-010,15
Governor,Cox-Schifanelli,REP,009-011,0
Governor,Cox-Schifanelli,REP,009-012,11
Governor,Cox-Schifanelli,REP,009-013,2
Governor,Cox-Schifanelli,REP,009-014,9
Governor,Cox-Schifanelli,REP,009-015,5
Governor,Cox-Schifanelli,REP,010-001,3
Governor,Cox-Schifanelli,REP,010-002,8
Governor,Cox-Schifanelli,REP,010-003,5
Governor,Cox-Schifanelli,REP,010-004,4
Governor,Cox-Schifanelli,REP,011-001,33
Governor,Cox-Schifanelli,REP,011-002,9
Governor,Cox-Schifanelli,REP,011-003,24
Governor,Cox-Schifanelli,REP,011-004,0
Governor,Cox-Schifanelli,REP,011-005,9
Governor,Cox-Schifanelli,REP,011-006,35
Governor,Cox-Schifanelli,REP,011-007,29
Governor,Cox-Schifanelli,REP,011-008,0
Governor,Cox-Schifanelli,REP,012-001,121
Governor,Cox-Schifanelli,REP,012-002,16
Governor,Cox-Schifanelli,REP,012-003,23
Governor,Cox-Schifanelli,REP,012-004,31
Governor,Cox-Schifanelli,REP,012-005,15
Governor,Cox-Schifanelli,REP,012-006,17
Governor,Cox-Schifanelli,REP,012-007,12
Governor,Cox-Schifanelli,REP,012-008,71
Governor,Cox-Schifanelli,REP,012-009,10
Governor,Cox-Schifanelli,REP,012-010,19
Governor,Cox-Schifanelli,REP,012-011,7
Governor,Cox-Schifanelli,REP,012-012,13
Governor,Cox-Schifanelli,REP,013-001,28
Governor,Cox-Schifanelli,REP,013-002,75
Governor,Cox-Schifanelli,REP,013-003,35
Governor,Cox-Schifanelli,REP,013-004,176
Governor,Cox-Schifanelli,REP,013-005,40
Governor,Cox-Schifanelli,REP,013-006,6
Governor,Cox-Schifanelli,REP,013-007,9
Governor,Cox-Schifanelli,REP,013-008,9
Governor,Cox-Schifanelli,REP,013-009,10
Governor,Cox-Schifanelli,REP,013-010,24
Governor,Cox-Schifanelli,REP,013-011,108
Governor,Cox-Schifanelli,REP,013-012,47
Governor,Cox-Schifanelli,REP,014-001,9
Governor,Cox-Schifanelli,REP,014-002,12
Governor,Cox-Schifanelli,REP,014-003,5
Governor,Cox-Schifanelli,REP,014-004,34
Governor,Cox-Schifanelli,REP,014-005,3
Governor,Cox-Schifanelli,REP,015-001,13
Governor,Cox-Schifanelli,REP,015-002,12
Governor,Cox-Schifanelli,REP,015-003,19
Governor,Cox-Schifanelli,REP,015-004,10
Governor,Cox-Schifanelli,REP,015-005,17
Governor,Cox-Schifanelli,REP,015-006,12
Governor,Cox-Schifanelli,REP,015-007,18
Governor,Cox-Schifanelli,REP,015-008,12
Governor,Cox-Schifanelli,REP,015-009,26
Governor,Cox-Schifanelli,REP,015-010,19
Governor,Cox-Schifanelli,REP,015-011,11
Governor,Cox-Schifanelli,REP,015-012,0
Governor,Cox-Schifanelli,REP,015-013,3
Governor,Cox-Schifanelli,REP,015-014,8
Governor,Cox-Schifanelli,REP,015-015,5
Governor,Cox-Schifanelli,REP,015-016,4
Governor,Cox-Schifanelli,REP,015-017,9
Governor,Cox-Schifanelli,REP,015-018,11
Governor,Cox-Schifanelli,REP,015-019,1
Governor,Cox-Schifanelli,REP,015-020,17
Governor,Cox-Schifanelli,REP,015-021,8
Governor,Cox-Schifanelli,REP,015-022,9
Governor,Cox-Schifanelli,REP,015-023,9
Governor,Cox-Schifanelli,REP,015-024,16
Governor,Cox-Schifanelli,REP,015-025,1
Governor,Cox-Schifanelli,REP,016-001,4
Governor,Cox-Schifanelli,REP,016-002,5
Governor,Cox-Schifanelli,REP,016-003,4
Governor,Cox-Schifanelli,REP,016-004,3
Governor,Cox-Schifanelli,REP,016-005,8
Governor,Cox-Schifanelli,REP,016-006,6
Governor,Cox-Schifanelli,REP,016-007,9
Governor,Cox-Schifanelli,REP,016-008,2
Governor,Cox-Schifanelli,REP,016-009,9
Governor,Cox-Schifanelli,REP,016-010,2
Governor,Cox-Schifanelli,REP,016-011,3
Governor,Cox-Schifanelli,REP,016-012,5
Governor,Cox-Schifanelli,REP,016-013,6
Governor,Cox-Schifanelli,REP,016-014,23
Governor,Cox-Schifanelli,REP,017-001,1
Governor,Cox-Schifanelli,REP,017-002,28
Governor,Cox-Schifanelli,REP,018-001,8
Governor,Cox-Schifanelli,REP,018-002,28
Governor,Cox-Schifanelli,REP,019-001,10
Governor,Cox-Schifanelli,REP,019-002,16
Governor,Cox-Schifanelli,REP,019-003,1
Governor,Cox-Schifanelli,REP,020-001,6
Governor,Cox-Schifanelli,REP,020-002,31
Governor,Cox-Schifanelli,REP,020-003,6
Governor,Cox-Schifanelli,REP,020-004,3
Governor,Cox-Schifanelli,REP,020-005,10
Governor,Cox-Schifanelli,REP,020-006,16
Governor,Cox-Schifanelli,REP,020-007,27
Governor,Cox-Schifanelli,REP,020-008,8
Governor,Cox-Schifanelli,REP,020-009,26
Governor,Cox-Schifanelli,REP,020-010,12
Governor,Cox-Schifanelli,REP,020-011,41
Governor,Cox-Schifanelli,REP,021-001,20
Governor,Cox-Schifanelli,REP,021-002,29
Governor,Cox-Schifanelli,REP,021-003,63
Governor,Cox-Schifanelli,REP,021-004,6
Governor,Cox-Schifanelli,REP,022-001,86
Governor,Cox-Schifanelli,REP,022-002,81
Governor,Cox-Schifanelli,REP,023-001,90
Governor,Cox-Schifanelli,REP,023-002,46
Governor,Cox-Schifanelli,REP,023-003,139
Governor,Cox-Schifanelli,REP,024-001,44
Governor,Cox-Schifanelli,REP,024-002,42
Governor,Cox-Schifanelli,REP,024-003,137
Governor,Cox-Schifanelli,REP,024-004,187
Governor,Cox-Schifanelli,REP,024-005,344
Governor,Cox-Schifanelli,REP,025-001,61
Governor,Cox-Schifanelli,REP,025-002,27
Governor,Cox-Schifanelli,REP,025-003,130
Governor,Cox-Schifanelli,REP,025-004,222
Governor,Cox-Schifanelli,REP,025-005,63
Governor,Cox-Schifanelli,REP,025-006,6
Governor,Cox-Schifanelli,REP,025-007,5
Governor,Cox-Schifanelli,REP,025-008,13
Governor,Cox-Schifanelli,REP,025-009,5
Governor,Cox-Schifanelli,REP,025-010,10
Governor,Cox-Schifanelli,REP,025-011,49
Governor,Cox-Schifanelli,REP,025-012,77
Governor,Cox-Schifanelli,REP,025-013,38
Governor,Cox-Schifanelli,REP,025-014,10
Governor,Cox-Schifanelli,REP,025-015,31
Governor,Cox-Schifanelli,REP,025-016,77
Governor,Cox-Schifanelli,REP,025-017,100
Governor,Cox-Schifanelli,REP,026-001,26
Governor,Cox-Schifanelli,REP,026-002,63
Governor,Cox-Schifanelli,REP,026-003,133
Governor,Cox-Schifanelli,REP,026-004,71
Governor,Cox-Schifanelli,REP,026-005,46
Governor,Cox-Schifanelli,REP,026-006,84
Governor,Cox-Schifanelli,REP,026-007,71
Governor,Cox-Schifanelli,REP,026-008,91
Governor,Cox-Schifanelli,REP,026-009,274
Governor,Cox-Schifanelli,REP,026-010,113
Governor,Cox-Schifanelli,REP,026-011,38
Governor,Cox-Schifanelli,REP,026-012,5
Governor,Cox-Schifanelli,REP,026-013,84
Governor,Cox-Schifanelli,REP,026-014,64
Governor,Cox-Schifanelli,REP,026-015,15
Governor,Cox-Schifanelli,REP,026-016,15
Governor,Cox-Schifanelli,REP,026-017,5
Governor,Cox-Schifanelli,REP,026-018,25
Governor,Cox-Schifanelli,REP,026-019,16
Governor,Cox-Schifanelli,REP,026-020,10
Governor,Cox-Schifanelli,REP,026-021,5
Governor,Cox-Schifanelli,REP,026-022,13
Governor,Cox-Schifanelli,REP,026-023,18
Governor,Cox-Schifanelli,REP,026-024,19
Governor,Cox-Schifanelli,REP,026-025,27
Governor,Cox-Schifanelli,REP,026-026,68
Governor,Cox-Schifanelli,REP,026-027,41
Governor,Cox-Schifanelli,REP,026-028,21
Governor,Cox-Schifanelli,REP,026-029,72
Governor,Cox-Schifanelli,REP,026-030,39
Governor,Cox-Schifanelli,REP,026-031,63
Governor,Cox-Schifanelli,REP,026-032,24
Governor,Cox-Schifanelli,REP,026-033,12
Governor,Cox-Schifanelli,REP,027-001,86
Governor,Cox-Schifanelli,REP,027-002,43
Governor,Cox-Schifanelli,REP,027-003,42
Governor,Cox-Schifanelli,REP,027-004,35
Governor,Cox-Schifanelli,REP,027-005,98
Governor,Cox-Schifanelli,REP,027-006,77
Governor,Cox-Schifanelli,REP,027-007,38
Governor,Cox-Schifanelli,REP,027-008,117
Governor,Cox-Schifanelli,REP,027-009,101
Governor,Cox-Schifanelli,REP,027-010,76
Governor,Cox-Schifanelli,REP,027-011,214
Governor,Cox-Schifanelli,REP,027-012,58
Governor,Cox-Schifanelli,REP,027-013,99
Governor,Cox-Schifanelli,REP,027-014,140
Governor,Cox-Schifanelli,REP,027-015,60
Governor,Cox-Schifanelli,REP,027-016,34
Governor,Cox-Schifanelli,REP,027-017,34
Governor,Cox-Schifanelli,REP,027-018,41
Governor,Cox-Schifanelli,REP,027-019,16
Governor,Cox-Schifanelli,REP,027-020,38
Governor,Cox-Schifanelli,REP,027-021,19
Governor,Cox-Schifanelli,REP,027-022,32
Governor,Cox-Schifanelli,REP,027-023,11
Governor,Cox-Schifanelli,REP,027-024,3
Governor,Cox-Schifanelli,REP,027-025,18
Governor,Cox-Schifanelli,REP,027-026,17
Governor,Cox-Schifanelli,REP,027-027,19
Governor,Cox-Schifanelli,REP,027-028,8
Governor,Cox-Schifanelli,REP,027-029,5
Governor,Cox-Schifanelli,REP,027-030,13
Governor,Cox-Schifanelli,REP,027-031,32
Governor,Cox-Schifanelli,REP,027-032,65
Governor,Cox-Schifanelli,REP,027-033,45
Governor,Cox-Schifanelli,REP,027-034,37
Governor,Cox-Schifanelli,REP,027-035,33
Governor,Cox-Schifanelli,REP,027-036,8
Governor,Cox-Schifanelli,REP,027-037,77
Governor,Cox-Schifanelli,REP,027-038,6
Governor,Cox-Schifanelli,REP,027-039,35
Governor,Cox-Schifanelli,REP,027-040,194
Governor,Cox-Schifanelli,REP,027-041,52
Governor,Cox-Schifanelli,REP,027-042,101
Governor,Cox-Schifanelli,REP,027-043,56
Governor,Cox-Schifanelli,REP,027-044,71
Governor,Cox-Schifanelli,REP,027-045,75
Governor,Cox-Schifanelli,REP,027-046,30
Governor,Cox-Schifanelli,REP,027-047,60
Governor,Cox-Schifanelli,REP,027-048,30
Governor,Cox-Schifanelli,REP,027-049,187
Governor,Cox-Schifanelli,REP,027-050,29
Governor,Cox-Schifanelli,REP,027-051,4
Governor,Cox-Schifanelli,REP,027-052,16
Governor,Cox-Schifanelli,REP,027-053,6
Governor,Cox-Schifanelli,REP,027-054,1
Governor,Cox-Schifanelli,REP,027-055,3
Governor,Cox-Schifanelli,REP,027-056,3
Governor,Cox-Schifanelli,REP,027-057,12
Governor,Cox-Schifanelli,REP,027-058,7
Governor,Cox-Schifanelli,REP,027-059,20
Governor,Cox-Schifanelli,REP,027-060,66
Governor,Cox-Schifanelli,REP,027-061,50
Governor,Cox-Schifanelli,REP,027-062,200
Governor,Cox-Schifanelli,REP,027-063,161
Governor,Cox-Schifanelli,REP,027-064,270
Governor,Cox-Schifanelli,REP,027-065,352
Governor,Cox-Schifanelli,REP,027-066,359
Governor,Cox-Schifanelli,REP,027-067,154
Governor,Cox-Schifanelli,REP,027-069,10
Governor,Cox-Schifanelli,REP,028-001,23
Governor,Cox-Schifanelli,REP,028-002,22
Governor,Cox-Schifanelli,REP,028-003,3
Governor,Cox-Schifanelli,REP,028-004,10
Governor,Cox-Schifanelli,REP,028-005,21
Governor,Cox-Schifanelli,REP,028-006,19
Governor,Cox-Schifanelli,REP,028-007,17
Governor,Cox-Schifanelli,REP,028-008,12
Governor,Cox-Schifanelli,REP,028-009,25
Governor,Cox-Schifanelli,REP,028-010,47
Governor,Cox-Schifanelli,REP,028-011,34
Governor,Cox-Schifanelli,REP,028-012,53
Governor,Cox-Schifanelli,REP,028-013,23
Governor,Cox-Schifanelli,REP,028-014,6
Governor,Cox-Schifanelli,REP,028-015,80
Governor,Moore-Miller,DEM,001-001,882
Governor,Moore-Miller,DEM,001-002,841
Governor,Moore-Miller,DEM,001-003,726
Governor,Moore-Miller,DEM,001-004,908
Governor,Moore-Miller,DEM,001-005,1248
Governor,Moore-Miller,DEM,002-001,469
Governor,Moore-Miller,DEM,002-002,701
Governor,Moore-Miller,DEM,002-003,955
Governor,Moore-Miller,DEM,003-001,177
Governor,Moore-Miller,DEM,003-002,118
Governor,Moore-Miller,DEM,003-003,818
Governor,Moore-Miller,DEM,004-001,542
Governor,Moore-Miller,DEM,004-002,619
Governor,Moore-Miller,DEM,004-003,126
Governor,Moore-Miller,DEM,005-001,184
Governor,Moore-Miller,DEM,005-002,42
Governor,Moore-Miller,DEM,006-001,22
Governor,Moore-Miller,DEM,006-002,382
Governor,Moore-Miller,DEM,006-003,129
Governor,Moore-Miller,DEM,006-004,470
Governor,Moore-Miller,DEM,006-005,1086
Governor,Moore-Miller,DEM,007-001,206
Governor,Moore-Miller,DEM,007-002,92
Governor,Moore-Miller,DEM,007-003,405
Governor,Moore-Miller,DEM,007-004,361
Governor,Moore-Miller,DEM,008-001,50
Governor,Moore-Miller,DEM,008-002,298
Governor,Moore-Miller,DEM,008-003,280
Governor,Moore-Miller,DEM,008-004,63
Governor,Moore-Miller,DEM,008-005,289
Governor,Moore-Miller,DEM,008-006,541
Governor,Moore-Miller,DEM,008-007,213
Governor,Moore-Miller,DEM,008-008,455
Governor,Moore-Miller,DEM,008-009,10
Governor,Moore-Miller,DEM,008-010,678
Governor,Moore-Miller,DEM,008-011,93
Governor,Moore-Miller,DEM,009-001,181
Governor,Moore-Miller,DEM,009-002,290
Governor,Moore-Miller,DEM,009-003,507
Governor,Moore-Miller,DEM,009-004,1043
Governor,Moore-Miller,DEM,009-005,729
Governor,Moore-Miller,DEM,009-006,985
Governor,Moore-Miller,DEM,009-007,313
Governor,Moore-Miller,DEM,009-008,315
Governor,Moore-Miller,DEM,009-009,243
Governor,Moore-Miller,DEM,009-010,355
Governor,Moore-Miller,DEM,009-011,46
Governor,Moore-Miller,DEM,009-012,197
Governor,Moore-Miller,DEM,009-013,164
Governor,Moore-Miller,DEM,009-014,194
Governor,Moore-Miller,DEM,009-015,327
Governor,Moore-Miller,DEM,010-001,259
Governor,Moore-Miller,DEM,010-002,254
Governor,Moore-Miller,DEM,010-003,45
Governor,Moore-Miller,DEM,010-004,121
Governor,Moore-Miller,DEM,011-001,682
Governor,Moore-Miller,DEM,011-002,178
Governor,Moore-Miller,DEM,011-003,646
Governor,Moore-Miller,DEM,011-004,38
Governor,Moore-Miller,DEM,011-005,661
Governor,Moore-Miller,DEM,011-006,660
Governor,Moore-Miller,DEM,011-007,594
Governor,Moore-Miller,DEM,011-008,0
Governor,Moore-Miller,DEM,012-001,1412
Governor,Moore-Miller,DEM,012-002,131
Governor,Moore-Miller,DEM,012-003,325
Governor,Moore-Miller,DEM,012-004,489
Governor,Moore-Miller,DEM,012-005,520
Governor,Moore-Miller,DEM,012-006,418
Governor,Moore-Miller,DEM,012-007,525
Governor,Moore-Miller,DEM,012-008,1247
Governor,Moore-Miller,DEM,012-009,82
Governor,Moore-Miller,DEM,012-010,459
Governor,Moore-Miller,DEM,012-011,185
Governor,Moore-Miller,DEM,012-012,610
Governor,Moore-Miller,DEM,013-001,515
Governor,Moore-Miller,DEM,013-002,868
Governor,Moore-Miller,DEM,013-003,325
Governor,Moore-Miller,DEM,013-004,1241
Governor,Moore-Miller,DEM,013-005,471
Governor,Moore-Miller,DEM,013-006,152
Governor,Moore-Miller,DEM,013-007,246
Governor,Moore-Miller,DEM,013-008,559
Governor,Moore-Miller,DEM,013-009,377
Governor,Moore-Miller,DEM,013-010,558
Governor,Moore-Miller,DEM,013-011,1352
Governor,Moore-Miller,DEM,013-012,735
Governor,Moore-Miller,DEM,014-001,418
Governor,Moore-Miller,DEM,014-002,362
Governor,Moore-Miller,DEM,014-003,143
Governor,Moore-Miller,DEM,014-004,625
Governor,Moore-Miller,DEM,014-005,110
Governor,Moore-Miller,DEM,015-001,427
Governor,Moore-Miller,DEM,015-002,292
Governor,Moore-Miller,DEM,015-003,611
Governor,Moore-Miller,DEM,015-004,335
Governor,Moore-Miller,DEM,015-005,503
Governor,Moore-Miller,DEM,015-006,541
Governor,Moore-Miller,DEM,015-007,389
Governor,Moore-Miller,DEM,015-008,305
Governor,Moore-Miller,DEM,015-009,723
Governor,Moore-Miller,DEM,015-010,474
Governor,Moore-Miller,DEM,015-011,320
Governor,Moore-Miller,DEM,015-012,44
Governor,Moore-Miller,DEM,015-013,145
Governor,Moore-Miller,DEM,015-014,373
Governor,Moore-Miller,DEM,015-015,178
Governor,Moore-Miller,DEM,015-016,153
Governor,Moore-Miller,DEM,015-017,282
Governor,Moore-Miller,DEM,015-018,417
Governor,Moore-Miller,DEM,015-019,31
Governor,Moore-Miller,DEM,015-020,440
Governor,Moore-Miller,DEM,015-021,300
Governor,Moore-Miller,DEM,015-022,271
Governor,Moore-Miller,DEM,015-023,332
Governor,Moore-Miller,DEM,015-024,403
Governor,Moore-Miller,DEM,015-025,128
Governor,Moore-Miller,DEM,016-001,129
Governor,Moore-Miller,DEM,016-002,229
Governor,Moore-Miller,DEM,016-003,121
Governor,Moore-Miller,DEM,016-004,73
Governor,Moore-Miller,DEM,016-005,373
Governor,Moore-Miller,DEM,016-006,378
Governor,Moore-Miller,DEM,016-007,336
Governor,Moore-Miller,DEM,016-008,206
Governor,Moore-Miller,DEM,016-009,259
Governor,Moore-Miller,DEM,016-010,178
Governor,Moore-Miller,DEM,016-011,138
Governor,Moore-Miller,DEM,016-012,327
Governor,Moore-Miller,DEM,016-013,347
Governor,Moore-Miller,DEM,016-014,762
Governor,Moore-Miller,DEM,017-001,33
Governor,Moore-Miller,DEM,017-002,608
Governor,Moore-Miller,DEM,018-001,184
Governor,Moore-Miller,DEM,018-002,391
Governor,Moore-Miller,DEM,019-001,212
Governor,Moore-Miller,DEM,019-002,205
Governor,Moore-Miller,DEM,019-003,25
Governor,Moore-Miller,DEM,020-001,305
Governor,Moore-Miller,DEM,020-002,273
Governor,Moore-Miller,DEM,020-003,297
Governor,Moore-Miller,DEM,020-004,47
Governor,Moore-Miller,DEM,020-005,224
Governor,Moore-Miller,DEM,020-006,749
Governor,Moore-Miller,DEM,020-007,459
Governor,Moore-Miller,DEM,020-008,142
Governor,Moore-Miller,DEM,020-009,104
Governor,Moore-Miller,DEM,020-010,57
Governor,Moore-Miller,DEM,020-011,128
Governor,Moore-Miller,DEM,021-001,310
Governor,Moore-Miller,DEM,021-002,525
Governor,Moore-Miller,DEM,021-003,471
Governor,Moore-Miller,DEM,021-004,134
Governor,Moore-Miller,DEM,022-001,536
Governor,Moore-Miller,DEM,022-002,798
Governor,Moore-Miller,DEM,023-001,528
Governor,Moore-Miller,DEM,023-002,392
Governor,Moore-Miller,DEM,023-003,768
Governor,Moore-Miller,DEM,024-001,318
Governor,Moore-Miller,DEM,024-002,397
Governor,Moore-Miller,DEM,024-003,804
Governor,Moore-Miller,DEM,024-004,1032
Governor,Moore-Miller,DEM,024-005,1730
Governor,Moore-Miller,DEM,025-001,948
Governor,Moore-Miller,DEM,025-002,488
Governor,Moore-Miller,DEM,025-003,211
Governor,Moore-Miller,DEM,025-004,306
Governor,Moore-Miller,DEM,025-005,359
Governor,Moore-Miller,DEM,025-006,208
Governor,Moore-Miller,DEM,025-007,80
Governor,Moore-Miller,DEM,025-008,341
Governor,Moore-Miller,DEM,025-009,221
Governor,Moore-Miller,DEM,025-010,268
Governor,Moore-Miller,DEM,025-011,93
Governor,Moore-Miller,DEM,025-012,133
Governor,Moore-Miller,DEM,025-013,80
Governor,Moore-Miller,DEM,025-014,115
Governor,Moore-Miller,DEM,025-015,157
Governor,Moore-Miller,DEM,025-016,189
Governor,Moore-Miller,DEM,025-017,261
Governor,Moore-Miller,DEM,026-001,35
Governor,Moore-Miller,DEM,026-002,221
Governor,Moore-Miller,DEM,026-003,180
Governor,Moore-Miller,DEM,026-004,136
Governor,Moore-Miller,DEM,026-005,99
Governor,Moore-Miller,DEM,026-006,148
Governor,Moore-Miller,DEM,026-007,393
Governor,Moore-Miller,DEM,026-008,592
Governor,Moore-Miller,DEM,026-009,1205
Governor,Moore-Miller,DEM,026-010,671
Governor,Moore-Miller,DEM,026-011,166
Governor,Moore-Miller,DEM,026-012,58
Governor,Moore-Miller,DEM,026-013,68
Governor,Moore-Miller,DEM,026-014,73
Governor,Moore-Miller,DEM,026-015,416
Governor,Moore-Miller,DEM,026-016,361
Governor,Moore-Miller,DEM,026-017,112
Governor,Moore-Miller,DEM,026-018,522
Governor,Moore-Miller,DEM,026-019,369
Governor,Moore-Miller,DEM,026-020,222
Governor,Moore-Miller,DEM,026-021,217
Governor,Moore-Miller,DEM,026-022,236
Governor,Moore-Miller,DEM,026-023,264
Governor,Moore-Miller,DEM,026-024,557
Governor,Moore-Miller,DEM,026-025,312
Governor,Moore-Miller,DEM,026-026,496
Governor,Moore-Miller,DEM,026-027,490
Governor,Moore-Miller,DEM,026-028,383
Governor,Moore-Miller,DEM,026-029,1143
Governor,Moore-Miller,DEM,026-030,316
Governor,Moore-Miller,DEM,026-031,242
Governor,Moore-Miller,DEM,026-032,465
Governor,Moore-Miller,DEM,026-033,276
Governor,Moore-Miller,DEM,027-001,745
Governor,Moore-Miller,DEM,027-002,367
Governor,Moore-Miller,DEM,027-003,418
Governor,Moore-Miller,DEM,027-004,226
Governor,Moore-Miller,DEM,027-005,887
Governor,Moore-Miller,DEM,027-006,959
Governor,Moore-Miller,DEM,027-007,308
Governor,Moore-Miller,DEM,027-008,756
Governor,Moore-Miller,DEM,027-009,525
Governor,Moore-Miller,DEM,027-010,222
Governor,Moore-Miller,DEM,027-011,755
Governor,Moore-Miller,DEM,027-012,187
Governor,Moore-Miller,DEM,027-013,697
Governor,Moore-Miller,DEM,027-014,936
Governor,Moore-Miller,DEM,027-015,691
Governor,Moore-Miller,DEM,027-016,351
Governor,Moore-Miller,DEM,027-017,490
Governor,Moore-Miller,DEM,027-018,550
Governor,Moore-Miller,DEM,027-019,354
Governor,Moore-Miller,DEM,027-020,894
Governor,Moore-Miller,DEM,027-021,723
Governor,Moore-Miller,DEM,027-022,1000
Governor,Moore-Miller,DEM,027-023,228
Governor,Moore-Miller,DEM,027-024,157
Governor,Moore-Miller,DEM,027-025,412
Governor,Moore-Miller,DEM,027-026,463
Governor,Moore-Miller,DEM,027-027,606
Governor,Moore-Miller,DEM,027-028,435
Governor,Moore-Miller,DEM,027-029,244
Governor,Moore-Miller,DEM,027-030,452
Governor,Moore-Miller,DEM,027-031,756
Governor,Moore-Miller,DEM,027-032,986
Governor,Moore-Miller,DEM,027-033,850
Governor,Moore-Miller,DEM,027-034,601
Governor,Moore-Miller,DEM,027-035,744
Governor,Moore-Miller,DEM,027-036,206
Governor,Moore-Miller,DEM,027-037,826
Governor,Moore-Miller,DEM,027-038,43
Governor,Moore-Miller,DEM,027-039,238
Governor,Moore-Miller,DEM,027-040,1178
Governor,Moore-Miller,DEM,027-041,671
Governor,Moore-Miller,DEM,027-042,902
Governor,Moore-Miller,DEM,027-043,471
Governor,Moore-Miller,DEM,027-044,700
Governor,Moore-Miller,DEM,027-045,1037
Governor,Moore-Miller,DEM,027-046,459
Governor,Moore-Miller,DEM,027-047,543
Governor,Moore-Miller,DEM,027-048,486
Governor,Moore-Miller,DEM,027-049,1601
Governor,Moore-Miller,DEM,027-050,693
Governor,Moore-Miller,DEM,027-051,65
Governor,Moore-Miller,DEM,027-052,631
Governor,Moore-Miller,DEM,027-053,347
Governor,Moore-Miller,DEM,027-054,153
Governor,Moore-Miller,DEM,027-055,119
Governor,Moore-Miller,DEM,027-056,200
Governor,Moore-Miller,DEM,027-057,459
Governor,Moore-Miller,DEM,027-058,180
Governor,Moore-Miller,DEM,027-059,358
Governor,Moore-Miller,DEM,027-060,472
Governor,Moore-Miller,DEM,027-061,238
Governor,Moore-Miller,DEM,027-062,533
Governor,Moore-Miller,DEM,027-063,521
Governor,Moore-Miller,DEM,027-064,508
Governor,Moore-Miller,DEM,027-065,822
Governor,Moore-Miller,DEM,027-066,598
Governor,Moore-Miller,DEM,027-067,582
Governor,Moore-Miller,DEM,027-069,65
Governor,Moore-Miller,DEM,028-001,408
Governor,Moore-Miller,DEM,028-002,683
Governor,Moore-Miller,DEM,028-003,153
Governor,Moore-Miller,DEM,028-004,223
Governor,Moore-Miller,DEM,028-005,515
Governor,Moore-Miller,DEM,028-006,779
Governor,Moore-Miller,DEM,028-007,397
Governor,Moore-Miller,DEM,028-008,466
Governor,Moore-Miller,DEM,028-009,585
Governor,Moore-Miller,DEM,028-010,741
Governor,Moore-Miller,DEM,028-011,740
Governor,Moore-Miller,DEM,028-012,565
Governor,Moore-Miller,DEM,028-013,536
Governor,Moore-Miller,DEM,028-014,160
Governor,Moore-Miller,DEM,028-015,610
Governor,Lashar-Logansmith,LIB,001-001,15
Governor,Lashar-Logansmith,LIB,001-002,17
Governor,Lashar-Logansmith,LIB,001-003,16
Governor,Lashar-Logansmith,LIB,001-004,21
Governor,Lashar-Logansmith,LIB,001-005,40
Governor,Lashar-Logansmith,LIB,002-001,5
Governor,Lashar-Logansmith,LIB,002-002,10
Governor,Lashar-Logansmith,LIB,002-003,12
Governor,Lashar-Logansmith,LIB,003-001,0
Governor,Lashar-Logansmith,LIB,003-002,2
Governor,Lashar-Logansmith,LIB,003-003,35
Governor,Lashar-Logansmith,LIB,004-001,9
Governor,Lashar-Logansmith,LIB,004-002,6
Governor,Lashar-Logansmith,LIB,004-003,0
Governor,Lashar-Logansmith,LIB,005-001,0
Governor,Lashar-Logansmith,LIB,005-002,0
Governor,Lashar-Logansmith,LIB,006-001,2
Governor,Lashar-Logansmith,LIB,006-002,4
Governor,Lashar-Logansmith,LIB,006-003,2
Governor,Lashar-Logansmith,LIB,006-004,9
Governor,Lashar-Logansmith,LIB,006-005,9
Governor,Lashar-Logansmith,LIB,007-001,0
Governor,Lashar-Logansmith,LIB,007-002,0
Governor,Lashar-Logansmith,LIB,007-003,5
Governor,Lashar-Logansmith,LIB,007-004,3
Governor,Lashar-Logansmith,LIB,008-001,2
Governor,Lashar-Logansmith,LIB,008-002,0
Governor,Lashar-Logansmith,LIB,008-003,1
Governor,Lashar-Logansmith,LIB,008-004,0
Governor,Lashar-Logansmith,LIB,008-005,2
Governor,Lashar-Logansmith,LIB,008-006,3
Governor,Lashar-Logansmith,LIB,008-007,3
Governor,Lashar-Logansmith,LIB,008-008,7
Governor,Lashar-Logansmith,LIB,008-009,0
Governor,Lashar-Logansmith,LIB,008-010,2
Governor,Lashar-Logansmith,LIB,008-011,0
Governor,Lashar-Logansmith,LIB,009-001,2
Governor,Lashar-Logansmith,LIB,009-002,2
Governor,Lashar-Logansmith,LIB,009-003,8
Governor,Lashar-Logansmith,LIB,009-004,7
Governor,Lashar-Logansmith,LIB,009-005,3
Governor,Lashar-Logansmith,LIB,009-006,5
Governor,Lashar-Logansmith,LIB,009-007,2
Governor,Lashar-Logansmith,LIB,009-008,1
Governor,Lashar-Logansmith,LIB,009-009,3
Governor,Lashar-Logansmith,LIB,009-010,4
Governor,Lashar-Logansmith,LIB,009-011,1
Governor,Lashar-Logansmith,LIB,009-012,0
Governor,Lashar-Logansmith,LIB,009-013,0
Governor,Lashar-Logansmith,LIB,009-014,4
Governor,Lashar-Logansmith,LIB,009-015,0
Governor,Lashar-Logansmith,LIB,010-001,0
Governor,Lashar-Logansmith,LIB,010-002,4
Governor,Lashar-Logansmith,LIB,010-003,1
Governor,Lashar-Logansmith,LIB,010-004,0
Governor,Lashar-Logansmith,LIB,011-001,18
Governor,Lashar-Logansmith,LIB,011-002,5
Governor,Lashar-Logansmith,LIB,011-003,6
Governor,Lashar-Logansmith,LIB,011-004,0
Governor,Lashar-Logansmith,LIB,011-005,6
Governor,Lashar-Logansmith,LIB,011-006,7
Governor,Lashar-Logansmith,LIB,011-007,4
Governor,Lashar-Logansmith,LIB,011-008,0
Governor,Lashar-Logansmith,LIB,012-001,16
Governor,Lashar-Logansmith,LIB,012-002,2
Governor,Lashar-Logansmith,LIB,012-003,5
Governor,Lashar-Logansmith,LIB,012-004,4
Governor,Lashar-Logansmith,LIB,012-005,2
Governor,Lashar-Logansmith,LIB,012-006,8
Governor,Lashar-Logansmith,LIB,012-007,5
Governor,Lashar-Logansmith,LIB,012-008,12
Governor,Lashar-Logansmith,LIB,012-009,3
Governor,Lashar-Logansmith,LIB,012-010,5
Governor,Lashar-Logansmith,LIB,012-011,0
Governor,Lashar-Logansmith,LIB,012-012,6
Governor,Lashar-Logansmith,LIB,013-001,10
Governor,Lashar-Logansmith,LIB,013-002,7
Governor,Lashar-Logansmith,LIB,013-003,5
Governor,Lashar-Logansmith,LIB,013-004,28
Governor,Lashar-Logansmith,LIB,013-005,6
Governor,Lashar-Logansmith,LIB,013-006,2
Governor,Lashar-Logansmith,LIB,013-007,1
Governor,Lashar-Logansmith,LIB,013-008,1
Governor,Lashar-Logansmith,LIB,013-009,4
Governor,Lashar-Logansmith,LIB,013-010,2
Governor,Lashar-Logansmith,LIB,013-011,20
Governor,Lashar-Logansmith,LIB,013-012,8
Governor,Lashar-Logansmith,LIB,014-001,2
Governor,Lashar-Logansmith,LIB,014-002,2
Governor,Lashar-Logansmith,LIB,014-003,2
Governor,Lashar-Logansmith,LIB,014-004,6
Governor,Lashar-Logansmith,LIB,014-005,0
Governor,Lashar-Logansmith,LIB,015-001,0
Governor,Lashar-Logansmith,LIB,015-002,2
Governor,Lashar-Logansmith,LIB,015-003,3
Governor,Lashar-Logansmith,LIB,015-004,0
Governor,Lashar-Logansmith,LIB,015-005,4
Governor,Lashar-Logansmith,LIB,015-006,3
Governor,Lashar-Logansmith,LIB,015-007,1
Governor,Lashar-Logansmith,LIB,015-008,1
Governor,Lashar-Logansmith,LIB,015-009,2
Governor,Lashar-Logansmith,LIB,015-010,3
Governor,Lashar-Logansmith,LIB,015-011,2
Governor,Lashar-Logansmith,LIB,015-012,0
Governor,Lashar-Logansmith,LIB,015-013,0
Governor,Lashar-Logansmith,LIB,015-014,3
Governor,Lashar-Logansmith,LIB,015-015,1
Governor,Lashar-Logansmith,LIB,015-016,2
Governor,Lashar-Logansmith,LIB,015-017,1
Governor,Lashar-Logansmith,LIB,015-018,0
Governor,Lashar-Logansmith,LIB,015-019,0
Governor,Lashar-Logansmith,LIB,015-020,3
Governor,Lashar-Logansmith,LIB,015-021,0
Governor,Lashar-Logansmith,LIB,015-022,1
Governor,Lashar-Logansmith,LIB,015-023,1
Governor,Lashar-Logansmith,LIB,015-024,2
Governor,Lashar-Logansmith,LIB,015-025,3
Governor,Lashar-Logansmith,LIB,016-001,0
Governor,Lashar-Logansmith,LIB,016-002,2
Governor,Lashar-Logansmith,LIB,016-003,1
Governor,Lashar-Logansmith,LIB,016-004,0
Governor,Lashar-Logansmith,LIB,016-005,2
Governor,Lashar-Logansmith,LIB,016-006,1
Governor,Lashar-Logansmith,LIB,016-007,2
Governor,Lashar-Logansmith,LIB,016-008,1
Governor,Lashar-Logansmith,LIB,016-009,1
Governor,Lashar-Logansmith,LIB,016-010,0
Governor,Lashar-Logansmith,LIB,016-011,0
Governor,Lashar-Logansmith,LIB,016-012,1
Governor,Lashar-Logansmith,LIB,016-013,1
Governor,Lashar-Logansmith,LIB,016-014,5
Governor,Lashar-Logansmith,LIB,017-001,0
Governor,Lashar-Logansmith,LIB,017-002,5
Governor,Lashar-Logansmith,LIB,018-001,0
Governor,Lashar-Logansmith,LIB,018-002,10
Governor,Lashar-Logansmith,LIB,019-001,1
Governor,Lashar-Logansmith,LIB,019-002,5
Governor,Lashar-Logansmith,LIB,019-003,0
Governor,Lashar-Logansmith,LIB,020-001,1
Governor,Lashar-Logansmith,LIB,020-002,3
Governor,Lashar-Logansmith,LIB,020-003,2
Governor,Lashar-Logansmith,LIB,020-004,0
Governor,Lashar-Logansmith,LIB,020-005,1
Governor,Lashar-Logansmith,LIB,020-006,2
Governor,Lashar-Logansmith,LIB,020-007,2
Governor,Lashar-Logansmith,LIB,020-008,0
Governor,Lashar-Logansmith,LIB,020-009,0
Governor,Lashar-Logansmith,LIB,020-010,1
Governor,Lashar-Logansmith,LIB,020-011,2
Governor,Lashar-Logansmith,LIB,021-001,4
Governor,Lashar-Logansmith,LIB,021-002,10
Governor,Lashar-Logansmith,LIB,021-003,7
Governor,Lashar-Logansmith,LIB,021-004,2
Governor,Lashar-Logansmith,LIB,022-001,7
Governor,Lashar-Logansmith,LIB,022-002,12
Governor,Lashar-Logansmith,LIB,023-001,8
Governor,Lashar-Logansmith,LIB,023-002,9
Governor,Lashar-Logansmith,LIB,023-003,23
Governor,Lashar-Logansmith,LIB,024-001,14
Governor,Lashar-Logansmith,LIB,024-002,8
Governor,Lashar-Logansmith,LIB,024-003,16
Governor,Lashar-Logansmith,LIB,024-004,28
Governor,Lashar-Logansmith,LIB,024-005,51
Governor,Lashar-Logansmith,LIB,025-001,7
Governor,Lashar-Logansmith,LIB,025-002,2
Governor,Lashar-Logansmith,LIB,025-003,6
Governor,Lashar-Logansmith,LIB,025-004,3
Governor,Lashar-Logansmith,LIB,025-005,6
Governor,Lashar-Logansmith,LIB,025-006,1
Governor,Lashar-Logansmith,LIB,025-007,1
Governor,Lashar-Logansmith,LIB,025-008,1
Governor,Lashar-Logansmith,LIB,025-009,6
Governor,Lashar-Logansmith,LIB,025-010,2
Governor,Lashar-Logansmith,LIB,025-011,3
Governor,Lashar-Logansmith,LIB,025-012,3
Governor,Lashar-Logansmith,LIB,025-013,2
Governor,Lashar-Logansmith,LIB,025-014,2
Governor,Lashar-Logansmith,LIB,025-015,4
Governor,Lashar-Logansmith,LIB,025-016,3
Governor,Lashar-Logansmith,LIB,025-017,8
Governor,Lashar-Logansmith,LIB,026-001,2
Governor,Lashar-Logansmith,LIB,026-002,1
Governor,Lashar-Logansmith,LIB,026-003,4
Governor,Lashar-Logansmith,LIB,026-004,4
Governor,Lashar-Logansmith,LIB,026-005,5
Governor,Lashar-Logansmith,LIB,026-006,6
Governor,Lashar-Logansmith,LIB,026-007,9
Governor,Lashar-Logansmith,LIB,026-008,14
Governor,Lashar-Logansmith,LIB,026-009,43
Governor,Lashar-Logansmith,LIB,026-010,15
Governor,Lashar-Logansmith,LIB,026-011,3
Governor,Lashar-Logansmith,LIB,026-012,0
Governor,Lashar-Logansmith,LIB,026-013,5
Governor,Lashar-Logansmith,LIB,026-014,3
Governor,Lashar-Logansmith,LIB,026-015,3
Governor,Lashar-Logansmith,LIB,026-016,0
Governor,Lashar-Logansmith,LIB,026-017,0
Governor,Lashar-Logansmith,LIB,026-018,3
Governor,Lashar-Logansmith,LIB,026-019,0
Governor,Lashar-Logansmith,LIB,026-020,1
Governor,Lashar-Logansmith,LIB,026-021,1
Governor,Lashar-Logansmith,LIB,026-022,0
Governor,Lashar-Logansmith,LIB,026-023,1
Governor,Lashar-Logansmith,LIB,026-024,2
Governor,Lashar-Logansmith,LIB,026-025,3
Governor,Lashar-Logansmith,LIB,026-026,3
Governor,Lashar-Logansmith,LIB,026-027,2
Governor,Lashar-Logansmith,LIB,026-028,2
Governor,Lashar-Logansmith,LIB,026-029,5
Governor,Lashar-Logansmith,LIB,026-030,3
Governor,Lashar-Logansmith,LIB,026-031,4
Governor,Lashar-Logansmith,LIB,026-032,3
Governor,Lashar-Logansmith,LIB,026-033,1
Governor,Lashar-Logansmith,LIB,027-001,1
Governor,Lashar-Logansmith,LIB,027-002,6
Governor,Lashar-Logansmith,LIB,027-003,4
Governor,Lashar-Logansmith,LIB,027-004,2
Governor,Lashar-Logansmith,LIB,027-005,15
Governor,Lashar-Logansmith,LIB,027-006,10
Governor,Lashar-Logansmith,LIB,027-007,3
Governor,Lashar-Logansmith,LIB,027-008,13
Governor,Lashar-Logansmith,LIB,027-009,12
Governor,Lashar-Logansmith,LIB,027-010,7
Governor,Lashar-Logansmith,LIB,027-011,16
Governor,Lashar-Logansmith,LIB,027-012,1
Governor,Lashar-Logansmith,LIB,027-013,11
Governor,Lashar-Logansmith,LIB,027-014,16
Governor,Lashar-Logansmith,LIB,027-015,5
Governor,Lashar-Logansmith,LIB,027-016,4
Governor,Lashar-Logansmith,LIB,027-017,5
Governor,Lashar-Logansmith,LIB,027-018,5
Governor,Lashar-Logansmith,LIB,027-019,1
Governor,Lashar-Logansmith,LIB,027-020,8
Governor,Lashar-Logansmith,LIB,027-021,2
Governor,Lashar-Logansmith,LIB,027-022,4
Governor,Lashar-Logansmith,LIB,027-023,0
Governor,Lashar-Logansmith,LIB,027-024,0
Governor,Lashar-Logansmith,LIB,027-025,0
Governor,Lashar-Logansmith,LIB,027-026,3
Governor,Lashar-Logansmith,LIB,027-027,2
Governor,Lashar-Logansmith,LIB,027-028,1
Governor,Lashar-Logansmith,LIB,027-029,0
Governor,Lashar-Logansmith,LIB,027-030,0
Governor,Lashar-Logansmith,LIB,027-031,2
Governor,Lashar-Logansmith,LIB,027-032,12
Governor,Lashar-Logansmith,LIB,027-033,7
Governor,Lashar-Logansmith,LIB,027-034,3
Governor,Lashar-Logansmith,LIB,027-035,6
Governor,Lashar-Logansmith,LIB,027-036,1
Governor,Lashar-Logansmith,LIB,027-037,6
Governor,Lashar-Logansmith,LIB,027-038,1
Governor,Lashar-Logansmith,LIB,027-039,1
Governor,Lashar-Logansmith,LIB,027-040,16
Governor,Lashar-Logansmith,LIB,027-041,8
Governor,Lashar-Logansmith,LIB,027-042,22
Governor,Lashar-Logansmith,LIB,027-043,5
Governor,Lashar-Logansmith,LIB,027-044,13
Governor,Lashar-Logansmith,LIB,027-045,17
Governor,Lashar-Logansmith,LIB,027-046,5
Governor,Lashar-Logansmith,LIB,027-047,7
Governor,Lashar-Logansmith,LIB,027-048,7
Governor,Lashar-Logansmith,LIB,027-049,20
Governor,Lashar-Logansmith,LIB,027-050,8
Governor,Lashar-Logansmith,LIB,027-051,1
Governor,Lashar-Logansmith,LIB,027-052,1
Governor,Lashar-Logansmith,LIB,027-053,2
Governor,Lashar-Logansmith,LIB,027-054,0
Governor,Lashar-Logansmith,LIB,027-055,2
Governor,Lashar-Logansmith,LIB,027-056,1
Governor,Lashar-Logansmith,LIB,027-057,1
Governor,Lashar-Logansmith,LIB,027-058,3
Governor,Lashar-Logansmith,LIB,027-059,1
Governor,Lashar-Logansmith,LIB,027-060,3
Governor,Lashar-Logansmith,LIB,027-061,4
Governor,Lashar-Logansmith,LIB,027-062,5
Governor,Lashar-Logansmith,LIB,027-063,12
Governor,Lashar-Logansmith,LIB,027-064,12
Governor,Lashar-Logansmith,LIB,027-065,11
Governor,Lashar-Logansmith,LIB,027-066,12
Governor,Lashar-Logansmith,LIB,027-067,1
Governor,Lashar-Logansmith,LIB,027-069,1
Governor,Lashar-Logansmith,LIB,028-001,4
Governor,Lashar-Logansmith,LIB,028-002,4
Governor,Lashar-Logansmith,LIB,028-003,0
Governor,Lashar-Logansmith,LIB,028-004,1
Governor,Lashar-Logansmith,LIB,028-005,3
Governor,Lashar-Logansmith,LIB,028-006,1
Governor,Lashar-Logansmith,LIB,028-007,4
Governor,Lashar-Logansmith,LIB,028-008,1
Governor,Lashar-Logansmith,LIB,028-009,6
Governor,Lashar-Logansmith,LIB,028-010,2
Governor,Lashar-Logansmith,LIB,028-011,4
Governor,Lashar-Logansmith,LIB,028-012,4
Governor,Lashar-Logansmith,LIB,028-013,2
Governor,Lashar-Logansmith,LIB,028-014,1
Governor,Lashar-Logansmith,LIB,028-015,9
Governor,Wallace-Elder,GRN,001-001,10
Governor,Wallace-Elder,GRN,001-002,4
Governor,Wallace-Elder,GRN,001-003,6
Governor,Wallace-Elder,GRN,001-004,10
Governor,Wallace-Elder,GRN,001-005,7
Governor,Wallace-Elder,GRN,002-001,5
Governor,Wallace-Elder,GRN,002-002,7
Governor,Wallace-Elder,GRN,002-003,14
Governor,Wallace-Elder,GRN,003-001,4
Governor,Wallace-Elder,GRN,003-002,3
Governor,Wallace-Elder,GRN,003-003,6
Governor,Wallace-Elder,GRN,004-001,11
Governor,Wallace-Elder,GRN,004-002,10
Governor,Wallace-Elder,GRN,004-003,1
Governor,Wallace-Elder,GRN,005-001,2
Governor,Wallace-Elder,GRN,005-002,0
Governor,Wallace-Elder,GRN,006-001,0
Governor,Wallace-Elder,GRN,006-002,8
Governor,Wallace-Elder,GRN,006-003,2
Governor,Wallace-Elder,GRN,006-004,9
Governor,Wallace-Elder,GRN,006-005,6
Governor,Wallace-Elder,GRN,007-001,2
Governor,Wallace-Elder,GRN,007-002,2
Governor,Wallace-Elder,GRN,007-003,7
Governor,Wallace-Elder,GRN,007-004,5
Governor,Wallace-Elder,GRN,008-001,0
Governor,Wallace-Elder,GRN,008-002,7
Governor,Wallace-Elder,GRN,008-003,8
Governor,Wallace-Elder,GRN,008-004,3
Governor,Wallace-Elder,GRN,008-005,2
Governor,Wallace-Elder,GRN,008-006,4
Governor,Wallace-Elder,GRN,008-007,2
Governor,Wallace-Elder,GRN,008-008,8
Governor,Wallace-Elder,GRN,008-009,1
Governor,Wallace-Elder,GRN,008-010,2
Governor,Wallace-Elder,GRN,008-011,0
Governor,Wallace-Elder,GRN,009-001,2
Governor,Wallace-Elder,GRN,009-002,8
Governor,Wallace-Elder,GRN,009-003,5
Governor,Wallace-Elder,GRN,009-004,7
Governor,Wallace-Elder,GRN,009-005,6
Governor,Wallace-Elder,GRN,009-006,10
Governor,Wallace-Elder,GRN,009-007,1
Governor,Wallace-Elder,GRN,009-008,3
Governor,Wallace-Elder,GRN,009-009,4
Governor,Wallace-Elder,GRN,009-010,10
Governor,Wallace-Elder,GRN,009-011,2
Governor,Wallace-Elder,GRN,009-012,0
Governor,Wallace-Elder,GRN,009-013,4
Governor,Wallace-Elder,GRN,009-014,4
Governor,Wallace-Elder,GRN,009-015,3
Governor,Wallace-Elder,GRN,010-001,1
Governor,Wallace-Elder,GRN,010-002,6
Governor,Wallace-Elder,GRN,010-003,3
Governor,Wallace-Elder,GRN,010-004,1
Governor,Wallace-Elder,GRN,011-001,18
Governor,Wallace-Elder,GRN,011-002,2
Governor,Wallace-Elder,GRN,011-003,5
Governor,Wallace-Elder,GRN,011-004,0
Governor,Wallace-Elder,GRN,011-005,13
Governor,Wallace-Elder,GRN,011-006,5
Governor,Wallace-Elder,GRN,011-007,14
Governor,Wallace-Elder,GRN,011-008,0
Governor,Wallace-Elder,GRN,012-001,13
Governor,Wallace-Elder,GRN,012-002,1
Governor,Wallace-Elder,GRN,012-003,12
Governor,Wallace-Elder,GRN,012-004,6
Governor,Wallace-Elder,GRN,012-005,9
Governor,Wallace-Elder,GRN,012-006,12
Governor,Wallace-Elder,GRN,012-007,14
Governor,Wallace-Elder,GRN,012-008,26
Governor,Wallace-Elder,GRN,012-009,2
Governor,Wallace-Elder,GRN,012-010,7
Governor,Wallace-Elder,GRN,012-011,2
Governor,Wallace-Elder,GRN,012-012,10
Governor,Wallace-Elder,GRN,013-001,9
Governor,Wallace-Elder,GRN,013-002,8
Governor,Wallace-Elder,GRN,013-003,8
Governor,Wallace-Elder,GRN,013-004,24
Governor,Wallace-Elder,GRN,013-005,17
Governor,Wallace-Elder,GRN,013-006,1
Governor,Wallace-Elder,GRN,013-007,1
Governor,Wallace-Elder,GRN,013-008,10
Governor,Wallace-Elder,GRN,013-009,9
Governor,Wallace-Elder,GRN,013-010,6
Governor,Wallace-Elder,GRN,013-011,20
Governor,Wallace-Elder,GRN,013-012,11
Governor,Wallace-Elder,GRN,014-001,6
Governor,Wallace-Elder,GRN,014-002,5
Governor,Wallace-Elder,GRN,014-003,3
Governor,Wallace-Elder,GRN,014-004,10
Governor,Wallace-Elder,GRN,014-005,2
Governor,Wallace-Elder,GRN,015-001,7
Governor,Wallace-Elder,GRN,015-002,4
Governor,Wallace-Elder,GRN,015-003,5
Governor,Wallace-Elder,GRN,015-004,2
Governor,Wallace-Elder,GRN,015-005,5
Governor,Wallace-Elder,GRN,015-006,2
Governor,Wallace-Elder,GRN,015-007,3
Governor,Wallace-Elder,GRN,015-008,3
Governor,Wallace-Elder,GRN,015-009,7
Governor,Wallace-Elder,GRN,015-010,2
Governor,Wallace-Elder,GRN,015-011,2
Governor,Wallace-Elder,GRN,015-012,3
Governor,Wallace-Elder,GRN,015-013,0
Governor,Wallace-Elder,GRN,015-014,3
Governor,Wallace-Elder,GRN,015-015,3
Governor,Wallace-Elder,GRN,015-016,0
Governor,Wallace-Elder,GRN,015-017,1
Governor,Wallace-Elder,GRN,015-018,2
Governor,Wallace-Elder,GRN,015-019,2
Governor,Wallace-Elder,GRN,015-020,1
Governor,Wallace-Elder,GRN,015-021,1
Governor,Wallace-Elder,GRN,015-022,1
Governor,Wallace-Elder,GRN,015-023,1
Governor,Wallace-Elder,GRN,015-024,4
Governor,Wallace-Elder,GRN,015-025,3
Governor,Wallace-Elder,GRN,016-001,3
Governor,Wallace-Elder,GRN,016-002,2
Governor,Wallace-Elder,GRN,016-003,2
Governor,Wallace-Elder,GRN,016-004,3
Governor,Wallace-Elder,GRN,016-005,5
Governor,Wallace-Elder,GRN,016-006,3
Governor,Wallace-Elder,GRN,016-007,3
Governor,Wallace-Elder,GRN,016-008,1
Governor,Wallace-Elder,GRN,016-009,2
Governor,Wallace-Elder,GRN,016-010,0
Governor,Wallace-Elder,GRN,016-011,0
Governor,Wallace-Elder,GRN,016-012,3
Governor,Wallace-Elder,GRN,016-013,7
Governor,Wallace-Elder,GRN,016-014,11
Governor,Wallace-Elder,GRN,017-001,0
Governor,Wallace-Elder,GRN,017-002,16
Governor,Wallace-Elder,GRN,018-001,5
Governor,Wallace-Elder,GRN,018-002,6
Governor,Wallace-Elder,GRN,019-001,2
Governor,Wallace-Elder,GRN,019-002,3
Governor,Wallace-Elder,GRN,019-003,1
Governor,Wallace-Elder,GRN,020-001,1
Governor,Wallace-Elder,GRN,020-002,1
Governor,Wallace-Elder,GRN,020-003,6
Governor,Wallace-Elder,GRN,020-004,0
Governor,Wallace-Elder,GRN,020-005,5
Governor,Wallace-Elder,GRN,020-006,7
Governor,Wallace-Elder,GRN,020-007,7
Governor,Wallace-Elder,GRN,020-008,0
Governor,Wallace-Elder,GRN,020-009,1
Governor,Wallace-Elder,GRN,020-010,0
Governor,Wallace-Elder,GRN,020-011,1
Governor,Wallace-Elder,GRN,021-001,2
Governor,Wallace-Elder,GRN,021-002,9
Governor,Wallace-Elder,GRN,021-003,9
Governor,Wallace-Elder,GRN,021-004,2
Governor,Wallace-Elder,GRN,022-001,8
Governor,Wallace-Elder,GRN,022-002,5
Governor,Wallace-Elder,GRN,023-001,5
Governor,Wallace-Elder,GRN,023-002,2
Governor,Wallace-Elder,GRN,023-003,10
Governor,Wallace-Elder,GRN,024-001,2
Governor,Wallace-Elder,GRN,024-002,3
Governor,Wallace-Elder,GRN,024-003,5
Governor,Wallace-Elder,GRN,024-004,8
Governor,Wallace-Elder,GRN,024-005,17
Governor,Wallace-Elder,GRN,025-001,5
Governor,Wallace-Elder,GRN,025-002,9
Governor,Wallace-Elder,GRN,025-003,4
Governor,Wallace-Elder,GRN,025-004,8
Governor,Wallace-Elder,GRN,025-005,4
Governor,Wallace-Elder,GRN,025-006,3
Governor,Wallace-Elder,GRN,025-007,0
Governor,Wallace-Elder,GRN,025-008,2
Governor,Wallace-Elder,GRN,025-009,4
Governor,Wallace-Elder,GRN,025-010,3
Governor,Wallace-Elder,GRN,025-011,1
Governor,Wallace-Elder,GRN,025-012,4
Governor,Wallace-Elder,GRN,025-013,1
Governor,Wallace-Elder,GRN,025-014,8
Governor,Wallace-Elder,GRN,025-015,1
Governor,Wallace-Elder,GRN,025-016,1
Governor,Wallace-Elder,GRN,025-017,10
Governor,Wallace-Elder,GRN,026-001,1
Governor,Wallace-Elder,GRN,026-002,4
Governor,Wallace-Elder,GRN,026-003,5
Governor,Wallace-Elder,GRN,026-004,1
Governor,Wallace-Elder,GRN,026-005,2
Governor,Wallace-Elder,GRN,026-006,0
Governor,Wallace-Elder,GRN,026-007,2
Governor,Wallace-Elder,GRN,026-008,7
Governor,Wallace-Elder,GRN,026-009,9
Governor,Wallace-Elder,GRN,026-010,7
Governor,Wallace-Elder,GRN,026-011,2
Governor,Wallace-Elder,GRN,026-012,1
Governor,Wallace-Elder,GRN,026-013,2
Governor,Wallace-Elder,GRN,026-014,3
Governor,Wallace-Elder,GRN,026-015,1
Governor,Wallace-Elder,GRN,026-016,2
Governor,Wallace-Elder,GRN,026-017,4
Governor,Wallace-Elder,GRN,026-018,3
Governor,Wallace-Elder,GRN,026-019,1
Governor,Wallace-Elder,GRN,026-020,3
Governor,Wallace-Elder,GRN,026-021,3
Governor,Wallace-Elder,GRN,026-022,4
Governor,Wallace-Elder,GRN,026-023,5
Governor,Wallace-Elder,GRN,026-024,5
Governor,Wallace-Elder,GRN,026-025,6
Governor,Wallace-Elder,GRN,026-026,0
Governor,Wallace-Elder,GRN,026-027,7
Governor,Wallace-Elder,GRN,026-028,4
Governor,Wallace-Elder,GRN,026-029,10
Governor,Wallace-Elder,GRN,026-030,2
Governor,Wallace-Elder,GRN,026-031,2
Governor,Wallace-Elder,GRN,026-032,4
Governor,Wallace-Elder,GRN,026-033,4
Governor,Wallace-Elder,GRN,027-001,12
Governor,Wallace-Elder,GRN,027-002,6
Governor,Wallace-Elder,GRN,027-003,7
Governor,Wallace-Elder,GRN,027-004,2
Governor,Wallace-Elder,GRN,027-005,7
Governor,Wallace-Elder,GRN,027-006,11
Governor,Wallace-Elder,GRN,027-007,0
Governor,Wallace-Elder,GRN,027-008,9
Governor,Wallace-Elder,GRN,027-009,4
Governor,Wallace-Elder,GRN,027-010,7
Governor,Wallace-Elder,GRN,027-011,7
Governor,Wallace-Elder,GRN,027-012,2
Governor,Wallace-Elder,GRN,027-013,5
Governor,Wallace-Elder,GRN,027-014,17
Governor,Wallace-Elder,GRN,027-015,8
Governor,Wallace-Elder,GRN,027-016,4
Governor,Wallace-Elder,GRN,027-017,10
Governor,Wallace-Elder,GRN,027-018,5
Governor,Wallace-Elder,GRN,027-019,2
Governor,Wallace-Elder,GRN,027-020,1
Governor,Wallace-Elder,GRN,027-021,8
Governor,Wallace-Elder,GRN,027-022,7
Governor,Wallace-Elder,GRN,027-023,1
Governor,Wallace-Elder,GRN,027-024,0
Governor,Wallace-Elder,GRN,027-025,4
Governor,Wallace-Elder,GRN,027-026,3
Governor,Wallace-Elder,GRN,027-027,2
Governor,Wallace-Elder,GRN,027-028,3
Governor,Wallace-Elder,GRN,027-029,2
Governor,Wallace-Elder,GRN,027-030,1
Governor,Wallace-Elder,GRN,027-031,7
Governor,Wallace-Elder,GRN,027-032,8
Governor,Wallace-Elder,GRN,027-033,7
Governor,Wallace-Elder,GRN,027-034,7
Governor,Wallace-Elder,GRN,027-035,4
Governor,Wallace-Elder,GRN,027-036,5
Governor,Wallace-Elder,GRN,027-037,11
Governor,Wallace-Elder,GRN,027-038,0
Governor,Wallace-Elder,GRN,027-039,3
Governor,Wallace-Elder,GRN,027-040,7
Governor,Wallace-Elder,GRN,027-041,7
Governor,Wallace-Elder,GRN,027-042,3
Governor,Wallace-Elder,GRN,027-043,5
Governor,Wallace-Elder,GRN,027-044,10
Governor,Wallace-Elder,GRN,027-045,10
Governor,Wallace-Elder,GRN,027-046,5
Governor,Wallace-Elder,GRN,027-047,5
Governor,Wallace-Elder,GRN,027-048,4
Governor,Wallace-Elder,GRN,027-049,16
Governor,Wallace-Elder,GRN,027-050,3
Governor,Wallace-Elder,GRN,027-051,0
Governor,Wallace-Elder,GRN,027-052,3
Governor,Wallace-Elder,GRN,027-053,2
Governor,Wallace-Elder,GRN,027-054,2
Governor,Wallace-Elder,GRN,027-055,3
Governor,Wallace-Elder,GRN,027-056,0
Governor,Wallace-Elder,GRN,027-057,3
Governor,Wallace-Elder,GRN,027-058,2
Governor,Wallace-Elder,GRN,027-059,3
Governor,Wallace-Elder,GRN,027-060,7
Governor,Wallace-Elder,GRN,027-061,2
Governor,Wallace-Elder,GRN,027-062,9
Governor,Wallace-Elder,GRN,027-063,1
Governor,Wallace-Elder,GRN,027-064,4
Governor,Wallace-Elder,GRN,027-065,4
Governor,Wallace-Elder,GRN,027-066,2
Governor,Wallace-Elder,GRN,027-067,1
Governor,Wallace-Elder,GRN,027-069,3
Governor,Wallace-Elder,GRN,028-001,1
Governor,Wallace-Elder,GRN,028-002,6
Governor,Wallace-Elder,GRN,028-003,0
Governor,Wallace-Elder,GRN,028-004,0
Governor,Wallace-Elder,GRN,028-005,2
Governor,Wallace-Elder,GRN,028-006,3
Governor,Wallace-Elder,GRN,028-007,2
Governor,Wallace-Elder,GRN,028-008,4
Governor,Wallace-Elder,GRN,028-009,4
Governor,Wallace-Elder,GRN,028-010,8
Governor,Wallace-Elder,GRN,028-011,6
Governor,Wallace-Elder,GRN,028-012,5
Governor,Wallace-Elder,GRN,028-013,10
Governor,Wallace-Elder,GRN,028-014,3
Governor,Wallace-Elder,GRN,028-015,7
Governor,Harding-White,WCP,001-001,8
Governor,Harding-White,WCP,001-002,11
Governor,Harding-White,WCP,001-003,3
Governor,Harding-White,WCP,001-004,5
Governor,Harding-White,WCP,001-005,8
Governor,Harding-White,WCP,002-001,2
Governor,Harding-White,WCP,002-002,10
Governor,Harding-White,WCP,002-003,11
Governor,Harding-White,WCP,003-001,6
Governor,Harding-White,WCP,003-002,0
Governor,Harding-White,WCP,003-003,4
Governor,Harding-White,WCP,004-001,5
Governor,Harding-White,WCP,004-002,13
Governor,Harding-White,WCP,004-003,5
Governor,Harding-White,WCP,005-001,6
Governor,Harding-White,WCP,005-002,1
Governor,Harding-White,WCP,006-001,0
Governor,Harding-White,WCP,006-002,6
Governor,Harding-White,WCP,006-003,4
Governor,Harding-White,WCP,006-004,7
Governor,Harding-White,WCP,006-005,7
Governor,Harding-White,WCP,007-001,3
Governor,Harding-White,WCP,007-002,1
Governor,Harding-White,WCP,007-003,6
Governor,Harding-White,WCP,007-004,2
Governor,Harding-White,WCP,008-001,0
Governor,Harding-White,WCP,008-002,5
Governor,Harding-White,WCP,008-003,7
Governor,Harding-White,WCP,008-004,2
Governor,Harding-White,WCP,008-005,3
Governor,Harding-White,WCP,008-006,7
Governor,Harding-White,WCP,008-007,7
Governor,Harding-White,WCP,008-008,7
Governor,Harding-White,WCP,008-009,0
Governor,Harding-White,WCP,008-010,12
Governor,Harding-White,WCP,008-011,5
Governor,Harding-White,WCP,009-001,2
Governor,Harding-White,WCP,009-002,6
Governor,Harding-White,WCP,009-003,4
Governor,Harding-White,WCP,009-004,13
Governor,Harding-White,WCP,009-005,7
Governor,Harding-White,WCP,009-006,10
Governor,Harding-White,WCP,009-007,2
Governor,Harding-White,WCP,009-008,3
Governor,Harding-White,WCP,009-009,4
Governor,Harding-White,WCP,009-010,7
Governor,Harding-White,WCP,009-011,2
Governor,Harding-White,WCP,009-012,5
Governor,Harding-White,WCP,009-013,1
Governor,Harding-White,WCP,009-014,7
Governor,Harding-White,WCP,009-015,5
Governor,Harding-White,WCP,010-001,1
Governor,Harding-White,WCP,010-002,4
Governor,Harding-White,WCP,010-003,1
Governor,Harding-White,WCP,010-004,2
Governor,Harding-White,WCP,011-001,13
Governor,Harding-White,WCP,011-002,4
Governor,Harding-White,WCP,011-003,8
Governor,Harding-White,WCP,011-004,2
Governor,Harding-White,WCP,011-005,9
Governor,Harding-White,WCP,011-006,12
Governor,Harding-White,WCP,011-007,11
Governor,Harding-White,WCP,011-008,0
Governor,Harding-White,WCP,012-001,11
Governor,Harding-White,WCP,012-002,1
Governor,Harding-White,WCP,012-003,8
Governor,Harding-White,WCP,012-004,7
Governor,Harding-White,WCP,012-005,7
Governor,Harding-White,WCP,012-006,12
Governor,Harding-White,WCP,012-007,12
Governor,Harding-White,WCP,012-008,24
Governor,Harding-White,WCP,012-009,2
Governor,Harding-White,WCP,012-010,7
Governor,Harding-White,WCP,012-011,3
Governor,Harding-White,WCP,012-012,10
Governor,Harding-White,WCP,013-001,4
Governor,Harding-White,WCP,013-002,14
Governor,Harding-White,WCP,013-003,11
Governor,Harding-White,WCP,013-004,21
Governor,Harding-White,WCP,013-005,9
Governor,Harding-White,WCP,013-006,1
Governor,Harding-White,WCP,013-007,7
Governor,Harding-White,WCP,013-008,8
Governor,Harding-White,WCP,013-009,5
Governor,Harding-White,WCP,013-010,9
Governor,Harding-White,WCP,013-011,16
Governor,Harding-White,WCP,013-012,13
Governor,Harding-White,WCP,014-001,4
Governor,Harding-White,WCP,014-002,3
Governor,Harding-White,WCP,014-003,5
Governor,Harding-White,WCP,014-004,11
Governor,Harding-White,WCP,014-005,3
Governor,Harding-White,WCP,015-001,5
Governor,Harding-White,WCP,015-002,1
Governor,Harding-White,WCP,015-003,7
Governor,Harding-White,WCP,015-004,4
Governor,Harding-White,WCP,015-005,6
Governor,Harding-White,WCP,015-006,4
Governor,Harding-White,WCP,015-007,5
Governor,Harding-White,WCP,015-008,5
Governor,Harding-White,WCP,015-009,11
Governor,Harding-White,WCP,015-010,8
Governor,Harding-White,WCP,015-011,6
Governor,Harding-White,WCP,015-012,1
Governor,Harding-White,WCP,015-013,7
Governor,Harding-White,WCP,015-014,6
Governor,Harding-White,WCP,015-015,1
Governor,Harding-White,WCP,015-016,3
Governor,Harding-White,WCP,015-017,4
Governor,Harding-White,WCP,015-018,6
Governor,Harding-White,WCP,015-019,3
Governor,Harding-White,WCP,015-020,7
Governor,Harding-White,WCP,015-021,4
Governor,Harding-White,WCP,015-022,1
Governor,Harding-White,WCP,015-023,2
Governor,Harding-White,WCP,015-024,4
Governor,Harding-White,WCP,015-025,2
Governor,Harding-White,WCP,016-001,0
Governor,Harding-White,WCP,016-002,2
Governor,Harding-White,WCP,016-003,5
Governor,Harding-White,WCP,016-004,0
Governor,Harding-White,WCP,016-005,3
Governor,Harding-White,WCP,016-006,8
Governor,Harding-White,WCP,016-007,3
Governor,Harding-White,WCP,016-008,0
Governor,Harding-White,WCP,016-009,1
Governor,Harding-White,WCP,016-010,4
Governor,Harding-White,WCP,016-011,9
Governor,Harding-White,WCP,016-012,7
Governor,Harding-White,WCP,016-013,7
Governor,Harding-White,WCP,016-014,10
Governor,Harding-White,WCP,017-001,2
Governor,Harding-White,WCP,017-002,7
Governor,Harding-White,WCP,018-001,7
Governor,Harding-White,WCP,018-002,7
Governor,Harding-White,WCP,019-001,3
Governor,Harding-White,WCP,019-002,2
Governor,Harding-White,WCP,019-003,1
Governor,Harding-White,WCP,020-001,7
Governor,Harding-White,WCP,020-002,6
Governor,Harding-White,WCP,020-003,2
Governor,Harding-White,WCP,020-004,0
Governor,Harding-White,WCP,020-005,1
Governor,Harding-White,WCP,020-006,10
Governor,Harding-White,WCP,020-007,6
Governor,Harding-White,WCP,020-008,5
Governor,Harding-White,WCP,020-009,1
Governor,Harding-White,WCP,020-010,1
Governor,Harding-White,WCP,020-011,3
Governor,Harding-White,WCP,021-001,4
Governor,Harding-White,WCP,021-002,7
Governor,Harding-White,WCP,021-003,5
Governor,Harding-White,WCP,021-004,2
Governor,Harding-White,WCP,022-001,1
Governor,Harding-White,WCP,022-002,3
Governor,Harding-White,WCP,023-001,6
Governor,Harding-White,WCP,023-002,5
Governor,Harding-White,WCP,023-003,9
Governor,Harding-White,WCP,024-001,5
Governor,Harding-White,WCP,024-002,2
Governor,Harding-White,WCP,024-003,5
Governor,Harding-White,WCP,024-004,7
Governor,Harding-White,WCP,024-005,11
Governor,Harding-White,WCP,025-001,13
Governor,Harding-White,WCP,025-002,4
Governor,Harding-White,WCP,025-003,6
Governor,Harding-White,WCP,025-004,9
Governor,Harding-White,WCP,025-005,4
Governor,Harding-White,WCP,025-006,9
Governor,Harding-White,WCP,025-007,4
Governor,Harding-White,WCP,025-008,9
Governor,Harding-White,WCP,025-009,5
Governor,Harding-White,WCP,025-010,6
Governor,Harding-White,WCP,025-011,2
Governor,Harding-White,WCP,025-012,9
Governor,Harding-White,WCP,025-013,2
Governor,Harding-White,WCP,025-014,6
Governor,Harding-White,WCP,025-015,5
Governor,Harding-White,WCP,025-016,7
Governor,Harding-White,WCP,025-017,12
Governor,Harding-White,WCP,026-001,2
Governor,Harding-White,WCP,026-002,3
Governor,Harding-White,WCP,026-003,3
Governor,Harding-White,WCP,026-004,1
Governor,Harding-White,WCP,026-005,2
Governor,Harding-White,WCP,026-006,5
Governor,Harding-White,WCP,026-007,3
Governor,Harding-White,WCP,026-008,5
Governor,Harding-White,WCP,026-009,17
Governor,Harding-White,WCP,026-010,8
Governor,Harding-White,WCP,026-011,3
Governor,Harding-White,WCP,026-012,1
Governor,Harding-White,WCP,026-013,7
Governor,Harding-White,WCP,026-014,9
Governor,Harding-White,WCP,026-015,10
Governor,Harding-White,WCP,026-016,9
Governor,Harding-White,WCP,026-017,4
Governor,Harding-White,WCP,026-018,4
Governor,Harding-White,WCP,026-019,6
Governor,Harding-White,WCP,026-020,5
Governor,Harding-White,WCP,026-021,2
Governor,Harding-White,WCP,026-022,3
Governor,Harding-White,WCP,026-023,4
Governor,Harding-White,WCP,026-024,8
Governor,Harding-White,WCP,026-025,6
Governor,Harding-White,WCP,026-026,9
Governor,Harding-White,WCP,026-027,11
Governor,Harding-White,WCP,026-028,6
Governor,Harding-White,WCP,026-029,12
Governor,Harding-White,WCP,026-030,5
Governor,Harding-White,WCP,026-031,5
Governor,Harding-White,WCP,026-032,1
Governor,Harding-White,WCP,026-033,4
Governor,Harding-White,WCP,027-001,12
Governor,Harding-White,WCP,027-002,4
Governor,Harding-White,WCP,027-003,4
Governor,Harding-White,WCP,027-004,4
Governor,Harding-White,WCP,027-005,18
Governor,Harding-White,WCP,027-006,14
Governor,Harding-White,WCP,027-007,5
Governor,Harding-White,WCP,027-008,10
Governor,Harding-White,WCP,027-009,7
Governor,Harding-White,WCP,027-010,5
Governor,Harding-White,WCP,027-011,17
Governor,Harding-White,WCP,027-012,7
Governor,Harding-White,WCP,027-013,5
Governor,Harding-White,WCP,027-014,22
Governor,Harding-White,WCP,027-015,8
Governor,Harding-White,WCP,027-016,4
Governor,Harding-White,WCP,027-017,6
Governor,Harding-White,WCP,027-018,10
Governor,Harding-White,WCP,027-019,5
Governor,Harding-White,WCP,027-020,7
Governor,Harding-White,WCP,027-021,9
Governor,Harding-White,WCP,027-022,7
Governor,Harding-White,WCP,027-023,2
Governor,Harding-White,WCP,027-024,0
Governor,Harding-White,WCP,027-025,7
Governor,Harding-White,WCP,027-026,4
Governor,Harding-White,WCP,027-027,7
Governor,Harding-White,WCP,027-028,2
Governor,Harding-White,WCP,027-029,4
Governor,Harding-White,WCP,027-030,3
Governor,Harding-White,WCP,027-031,6
Governor,Harding-White,WCP,027-032,10
Governor,Harding-White,WCP,027-033,7
Governor,Harding-White,WCP,027-034,6
Governor,Harding-White,WCP,027-035,5
Governor,Harding-White,WCP,027-036,4
Governor,Harding-White,WCP,027-037,8
Governor,Harding-White,WCP,027-038,0
Governor,Harding-White,WCP,027-039,1
Governor,Harding-White,WCP,027-040,3
Governor,Harding-White,WCP,027-041,2
Governor,Harding-White,WCP,027-042,2
Governor,Harding-White,WCP,027-043,6
Governor,Harding-White,WCP,027-044,5
Governor,Harding-White,WCP,027-045,2
Governor,Harding-White,WCP,027-046,1
Governor,Harding-White,WCP,027-047,7
Governor,Harding-White,WCP,027-048,1
Governor,Harding-White,WCP,027-049,7
Governor,Harding-White,WCP,027-050,7
Governor,Harding-White,WCP,027-051,0
Governor,Harding-White,WCP,027-052,5
Governor,Harding-White,WCP,027-053,7
Governor,Harding-White,WCP,027-054,2
Governor,Harding-White,WCP,027-055,3
Governor,Harding-White,WCP,027-056,0
Governor,Harding-White,WCP,027-057,4
Governor,Harding-White,WCP,027-058,5
Governor,Harding-White,WCP,027-059,6
Governor,Harding-White,WCP,027-060,5
Governor,Harding-White,WCP,027-061,3
Governor,Harding-White,WCP,027-062,2
Governor,Harding-White,WCP,027-063,8
Governor,Harding-White,WCP,027-064,2
Governor,Harding-White,WCP,027-065,4
Governor,Harding-White,WCP,027-066,7
Governor,Harding-White,WCP,027-067,1
Governor,Harding-White,WCP,027-069,0
Governor,Harding-White,WCP,028-001,7
Governor,Harding-White,WCP,028-002,7
Governor,Harding-White,WCP,028-003,2
Governor,Harding-White,WCP,028-004,2
Governor,Harding-White,WCP,028-005,6
Governor,Harding-White,WCP,028-006,8
Governor,Harding-White,WCP,028-007,2
Governor,Harding-White,WCP,028-008,5
Governor,Harding-White,WCP,028-009,7
Governor,Harding-White,WCP,028-010,10
Governor,Harding-White,WCP,028-011,9
Governor,Harding-White,WCP,028-012,4
Governor,Harding-White,WCP,028-013,6
Governor,Harding-White,WCP,028-014,2
Governor,Harding-White,WCP,028-015,6
Governor,WRITE-IN,,001-001,2
Governor,WRITE-IN,,001-002,4
Governor,WRITE-IN,,001-003,2
Governor,WRITE-IN,,001-004,3
Governor,WRITE-IN,,001-005,2
Governor,WRITE-IN,,002-001,0
Governor,WRITE-IN,,002-002,5
Governor,WRITE-IN,,002-003,6
Governor,WRITE-IN,,003-001,0
Governor,WRITE-IN,,003-002,0
Governor,WRITE-IN,,003-003,5
Governor,WRITE-IN,,004-001,2
Governor,WRITE-IN,,004-002,3
Governor,WRITE-IN,,004-003,1
Governor,WRITE-IN,,005-001,1
Governor,WRITE-IN,,005-002,0
Governor,WRITE-IN,,006-001,1
Governor,WRITE-IN,,006-002,0
Governor,WRITE-IN,,006-003,1
Governor,WRITE-IN,,006-004,2
Governor,WRITE-IN,,006-005,1
Governor,WRITE-IN,,007-001,0
Governor,WRITE-IN,,007-002,0
Governor,WRITE-IN,,007-003,1
Governor,WRITE-IN,,007-004,0
Governor,WRITE-IN,,008-001,0
Governor,WRITE-IN,,008-002,0
Governor,WRITE-IN,,008-003,0
Governor,WRITE-IN,,008-004,0
Governor,WRITE-IN,,008-005,0
Governor,WRITE-IN,,008-006,0
Governor,WRITE-IN,,008-007,0
Governor,WRITE-IN,,008-008,0
Governor,WRITE-IN,,008-009,0
Governor,WRITE-IN,,008-010,1
Governor,WRITE-IN,,008-011,0
Governor,WRITE-IN,,009-001,0
Governor,WRITE-IN,,009-002,2
Governor,WRITE-IN,,009-003,0
Governor,WRITE-IN,,009-004,1
Governor,WRITE-IN,,009-005,1
Governor,WRITE-IN,,009-006,1
Governor,WRITE-IN,,009-007,2
Governor,WRITE-IN,,009-008,0
Governor,WRITE-IN,,009-009,0
Governor,WRITE-IN,,009-010,1
Governor,WRITE-IN,,009-011,0
Governor,WRITE-IN,,009-012,0
Governor,WRITE-IN,,009-013,0
Governor,WRITE-IN,,009-014,1
Governor,WRITE-IN,,009-015,1
Governor,WRITE-IN,,010-001,1
Governor,WRITE-IN,,010-002,2
Governor,WRITE-IN,,010-003,0
Governor,WRITE-IN,,010-004,0
Governor,WRITE-IN,,011-001,2
Governor,WRITE-IN,,011-002,0
Governor,WRITE-IN,,011-003,0
Governor,WRITE-IN,,011-004,1
Governor,WRITE-IN,,011-005,1
Governor,WRITE-IN,,011-006,2
Governor,WRITE-IN,,011-007,3
Governor,WRITE-IN,,011-008,0
Governor,WRITE-IN,,012-001,3
Governor,WRITE-IN,,012-002,0
Governor,WRITE-IN,,012-003,0
Governor,WRITE-IN,,012-004,1
Governor,WRITE-IN,,012-005,2
Governor,WRITE-IN,,012-006,0
Governor,WRITE-IN,,012-007,1
Governor,WRITE-IN,,012-008,4
Governor,WRITE-IN,,012-009,0
Governor,WRITE-IN,,012-010,0
Governor,WRITE-IN,,012-011,0
Governor,WRITE-IN,,012-012,0
Governor,WRITE-IN,,013-001,0
Governor,WRITE-IN,,013-002,4
Governor,WRITE-IN,,013-003,1
Governor,WRITE-IN,,013-004,1
Governor,WRITE-IN,,013-005,0
Governor,WRITE-IN,,013-006,0
Governor,WRITE-IN,,013-007,0
Governor,WRITE-IN,,013-008,2
Governor,WRITE-IN,,013-009,1
Governor,WRITE-IN,,013-010,3
Governor,WRITE-IN,,013-011,4
Governor,WRITE-IN,,013-012,2
Governor,WRITE-IN,,014-001,1
Governor,WRITE-IN,,014-002,0
Governor,WRITE-IN,,014-003,0
Governor,WRITE-IN,,014-004,2
Governor,WRITE-IN,,014-005,1
Governor,WRITE-IN,,015-001,0
Governor,WRITE-IN,,015-002,1
Governor,WRITE-IN,,015-003,1
Governor,WRITE-IN,,015-004,0
Governor,WRITE-IN,,015-005,1
Governor,WRITE-IN,,015-006,1
Governor,WRITE-IN,,015-007,1
Governor,WRITE-IN,,015-008,0
Governor,WRITE-IN,,015-009,2
Governor,WRITE-IN,,015-010,0
Governor,WRITE-IN,,015-011,1
Governor,WRITE-IN,,015-012,0
Governor,WRITE-IN,,015-013,1
Governor,WRITE-IN,,015-014,0
Governor,WRITE-IN,,015-015,0
Governor,WRITE-IN,,015-016,0
Governor,WRITE-IN,,015-017,0
Governor,WRITE-IN,,015-018,0
Governor,WRITE-IN,,015-019,0
Governor,WRITE-IN,,015-020,1
Governor,WRITE-IN,,015-021,1
Governor,WRITE-IN,,015-022,1
Governor,WRITE-IN,,015-023,0
Governor,WRITE-IN,,015-024,0
Governor,WRITE-IN,,015-025,0
Governor,WRITE-IN,,016-001,0
Governor,WRITE-IN,,016-002,0
Governor,WRITE-IN,,016-003,1
Governor,WRITE-IN,,016-004,0
Governor,WRITE-IN,,016-005,1
Governor,WRITE-IN,,016-006,1
Governor,WRITE-IN,,016-007,0
Governor,WRITE-IN,,016-008,0
Governor,WRITE-IN,,016-009,0
Governor,WRITE-IN,,016-010,0
Governor,WRITE-IN,,016-011,0
Governor,WRITE-IN,,016-012,0
Governor,WRITE-IN,,016-013,1
Governor,WRITE-IN,,016-014,1
Governor,WRITE-IN,,017-001,0
Governor,WRITE-IN,,017-002,0
Governor,WRITE-IN,,018-001,1
Governor,WRITE-IN,,018-002,0
Governor,WRITE-IN,,019-001,0
Governor,WRITE-IN,,019-002,0
Governor,WRITE-IN,,019-003,0
Governor,WRITE-IN,,020-001,0
Governor,WRITE-IN,,020-002,2
Governor,WRITE-IN,,020-003,0
Governor,WRITE-IN,,020-004,0
Governor,WRITE-IN,,020-005,0
Governor,WRITE-IN,,020-006,0
Governor,WRITE-IN,,020-007,2
Governor,WRITE-IN,,020-008,1
Governor,WRITE-IN,,020-009,0
Governor,WRITE-IN,,020-010,0
Governor,WRITE-IN,,020-011,0
Governor,WRITE-IN,,021-001,0
Governor,WRITE-IN,,021-002,1
Governor,WRITE-IN,,021-003,1
Governor,WRITE-IN,,021-004,0
Governor,WRITE-IN,,022-001,0
Governor,WRITE-IN,,022-002,0
Governor,WRITE-IN,,023-001,1
Governor,WRITE-IN,,023-002,1
Governor,WRITE-IN,,023-003,0
Governor,WRITE-IN,,024-001,2
Governor,WRITE-IN,,024-002,1
Governor,WRITE-IN,,024-003,4
Governor,WRITE-IN,,024-004,3
Governor,WRITE-IN,,024-005,5
Governor,WRITE-IN,,025-001,2
Governor,WRITE-IN,,025-002,0
Governor,WRITE-IN,,025-003,0
Governor,WRITE-IN,,025-004,1
Governor,WRITE-IN,,025-005,1
Governor,WRITE-IN,,025-006,1
Governor,WRITE-IN,,025-007,0
Governor,WRITE-IN,,025-008,0
Governor,WRITE-IN,,025-009,0
Governor,WRITE-IN,,025-010,0
Governor,WRITE-IN,,025-011,1
Governor,WRITE-IN,,025-012,0
Governor,WRITE-IN,,025-013,0
Governor,WRITE-IN,,025-014,1
Governor,WRITE-IN,,025-015,0
Governor,WRITE-IN,,025-016,2
Governor,WRITE-IN,,025-017,1
Governor,WRITE-IN,,026-001,0
Governor,WRITE-IN,,026-002,0
Governor,WRITE-IN,,026-003,1
Governor,WRITE-IN,,026-004,0
Governor,WRITE-IN,,026-005,0
Governor,WRITE-IN,,026-006,0
Governor,WRITE-IN,,026-007,0
Governor,WRITE-IN,,026-008,2
Governor,WRITE-IN,,026-009,6
Governor,WRITE-IN,,026-010,0
Governor,WRITE-IN,,026-011,1
Governor,WRITE-IN,,026-012,0
Governor,WRITE-IN,,026-013,0
Governor,WRITE-IN,,026-014,1
Governor,WRITE-IN,,026-015,1
Governor,WRITE-IN,,026-016,0
Governor,WRITE-IN,,026-017,1
Governor,WRITE-IN,,026-018,1
Governor,WRITE-IN,,026-019,2
Governor,WRITE-IN,,026-020,0
Governor,WRITE-IN,,026-021,1
Governor,WRITE-IN,,026-022,1
Governor,WRITE-IN,,026-023,0
Governor,WRITE-IN,,026-024,1
Governor,WRITE-IN,,026-025,0
Governor,WRITE-IN,,026-026,1
Governor,WRITE-IN,,026-027,3
Governor,WRITE-IN,,026-028,0
Governor,WRITE-IN,,026-029,1
Governor,WRITE-IN,,026-030,2
Governor,WRITE-IN,,026-031,0
Governor,WRITE-IN,,026-032,0
Governor,WRITE-IN,,026-033,1
Governor,WRITE-IN,,027-001,3
Governor,WRITE-IN,,027-002,0
Governor,WRITE-IN,,027-003,1
Governor,WRITE-IN,,027-004,0
Governor,WRITE-IN,,027-005,3
Governor,WRITE-IN,,027-006,1
Governor,WRITE-IN,,027-007,3
Governor,WRITE-IN,,027-008,0
Governor,WRITE-IN,,027-009,0
Governor,WRITE-IN,,027-010,0
Governor,WRITE-IN,,027-011,3
Governor,WRITE-IN,,027-012,1
Governor,WRITE-IN,,027-013,4
Governor,WRITE-IN,,027-014,1
Governor,WRITE-IN,,027-015,2
Governor,WRITE-IN,,027-016,0
Governor,WRITE-IN,,027-017,5
Governor,WRITE-IN,,027-018,0
Governor,WRITE-IN,,027-019,1
Governor,WRITE-IN,,027-020,0
Governor,WRITE-IN,,027-021,1
Governor,WRITE-IN,,027-022,0
Governor,WRITE-IN,,027-023,0
Governor,WRITE-IN,,027-024,1
Governor,WRITE-IN,,027-025,0
Governor,WRITE-IN,,027-026,0
Governor,WRITE-IN,,027-027,0
Governor,WRITE-IN,,027-028,0
Governor,WRITE-IN,,027-029,0
Governor,WRITE-IN,,027-030,1
Governor,WRITE-IN,,027-031,1
Governor,WRITE-IN,,027-032,2
Governor,WRITE-IN,,027-033,2
Governor,WRITE-IN,,027-034,0
Governor,WRITE-IN,,027-035,0
Governor,WRITE-IN,,027-036,1
Governor,WRITE-IN,,027-037,1
Governor,WRITE-IN,,027-038,0
Governor,WRITE-IN,,027-039,0
Governor,WRITE-IN,,027-040,5
Governor,WRITE-IN,,027-041,5
Governor,WRITE-IN,,027-042,2
Governor,WRITE-IN,,027-043,1
Governor,WRITE-IN,,027-044,3
Governor,WRITE-IN,,027-045,3
Governor,WRITE-IN,,027-046,0
Governor,WRITE-IN,,027-047,0
Governor,WRITE-IN,,027-048,2
Governor,WRITE-IN,,027-049,1
Governor,WRITE-IN,,027-050,2
Governor,WRITE-IN,,027-051,0
Governor,WRITE-IN,,027-052,0
Governor,WRITE-IN,,027-053,0
Governor,WRITE-IN,,027-054,0
Governor,WRITE-IN,,027-055,0
Governor,WRITE-IN,,027-056,0
Governor,WRITE-IN,,027-057,0
Governor,WRITE-IN,,027-058,0
Governor,WRITE-IN,,027-059,1
Governor,WRITE-IN,,027-060,0
Governor,WRITE-IN,,027-061,0
Governor,WRITE-IN,,027-062,1
Governor,WRITE-IN,,027-063,3
Governor,WRITE-IN,,027-064,1
Governor,WRITE-IN,,027-065,8
Governor,WRITE-IN,,027-066,3
Governor,WRITE-IN,,027-067,0
Governor,WRITE-IN,,027-069,1
Governor,WRITE-IN,,028-001,0
Governor,WRITE-IN,,028-002,0
Governor,WRITE-IN,,028-003,0
Governor,WRITE-IN,,028-004,1
Governor,WRITE-IN,,028-005,0
Governor,WRITE-IN,,028-006,1
Governor,WRITE-IN,,028-007,2
Governor,WRITE-IN,,028-008,2
Governor,WRITE-IN,,028-009,1
Governor,WRITE-IN,,028-010,1
Governor,WRITE-IN,,028-011,0
Governor,WRITE-IN,,028-012,0
Governor,WRITE-IN,,028-013,2
Governor,WRITE-IN,,028-014,0
Governor,WRITE-IN,,028-015,2
